census_tract,Tree_Canopy,Affordable_Housing,Parks,Transit_Stop,Bike_Miles,Wifi_Hotspots,School_Density,Library_Square,Small_Business,Grocery_Store
17031720500,40.5,0.0,5.69,9.0,0.0,0.0,0.0,,969.0,127.0
17031730200,21.4,64.0,9.26,19.0,1.2874434050303465,2.0,1.0,,1626.0,190.0
17031730300,21.4,0.0,0.0,5.0,0.0,0.0,0.0,,624.0,111.0
17031740100,18.6,0.0,0.0,20.0,0.0,0.0,1.0,,1119.0,223.0
17031710500,18.7,0.0,16.56,18.0,0.9026731682249354,0.0,2.0,,1267.0,245.0
17031711200,18.7,72.0,9.19,17.0,1.1058759878201687,0.0,2.0,,674.0,104.0
17031711300,18.7,0.0,0.96,6.0,0.0005365061778221,0.0,0.0,,520.0,115.0
17031720200,40.5,0.0,17.73,14.0,2.0981374013541814,0.0,1.0,,1177.0,167.0
17031700400,15.3,0.0,14.4,35.0,0.4526771827961108,1.0,5.0,,3118.0,534.0
17031710200,18.7,0.0,6.84,13.0,0.384372839130305,2.0,1.0,,579.0,113.0
17031681400,24.7,0.0,0.0,12.0,0.0,0.0,2.0,,464.0,116.0
17031690800,21.4,0.0,2.97,23.0,1.2176980344961703,1.0,2.0,,549.0,86.0
17031691100,21.4,0.0,2.99,21.0,0.6918445358041904,0.0,0.0,,589.0,124.0
17031691300,21.4,0.0,0.0,17.0,0.9967904081883188,0.0,1.0,,1194.0,241.0
17031680500,24.7,0.0,1.94,8.0,0.5007861809248699,0.0,0.0,,163.0,37.0
17031681200,24.7,69.0,3.12,17.0,1.2023915699420953,1.0,3.0,,531.0,137.0
17031670100,25.9,0.0,0.3,9.0,0.0,0.0,0.0,,174.0,28.0
17031670600,25.9,0.0,0.0,7.0,0.5047369993834633,0.0,1.0,,197.0,35.0
17031670800,25.9,0.0,0.0,4.0,0.0,0.0,0.0,,569.0,91.0
17031671300,25.9,0.0,0.24,8.0,1.2494802560998306,0.0,0.0,,312.0,74.0
17031650500,10.7,89.0,12.75,23.0,0.0,2.0,1.0,,3331.0,545.0
17031660200,18.5,146.0,0.0,14.0,0.5046150744661194,2.0,2.0,,1276.0,278.0
17031660700,18.5,0.0,0.48,8.0,0.5024958536292646,0.0,1.0,,585.0,84.0
17031640400,8.8,0.0,8.32,15.0,0.0,0.0,0.0,,1563.0,95.0
17031640600,8.8,0.0,0.0,21.0,0.5054867301898519,0.0,0.0,,1223.0,153.0
17031640700,8.8,0.0,4.82,20.0,0.0002780332046423,0.0,1.0,,668.0,137.0
17031650400,10.7,0.0,0.0,13.0,0.0,0.0,1.0,,639.0,163.0
17031630200,14.6,0.0,0.0,11.0,0.0,0.0,1.0,,919.0,178.0
17031630300,14.6,0.0,0.0,11.0,0.0,0.0,5.0,,1415.0,259.0
17031630500,14.6,0.0,0.0,15.0,0.0,1.0,3.0,,978.0,221.0
17031610500,15.6,0.0,0.0,3.0,0.0,0.0,0.0,,356.0,104.0
17031610600,15.6,0.0,0.0,12.0,0.1252109134993178,0.0,0.0,,840.0,39.0
17031611100,15.6,0.0,1.07,8.0,0.0,0.0,0.0,,329.0,65.0
17031611500,15.6,115.0,0.0,14.0,0.0,0.0,1.0,,896.0,81.0
17031611900,15.6,0.0,57.69,16.0,0.3573722034903627,1.0,1.0,,440.0,94.0
17031600700,13.0,55.0,4.8,9.0,0.3417839157893297,1.0,0.0,,795.0,108.0
17031601200,13.0,0.0,0.0,3.0,0.1255489044438032,0.0,0.0,,107.0,0.0
17031601600,13.0,0.0,0.0,3.0,0.1814481420956713,0.0,0.0,,248.0,29.0
17031610100,15.6,0.0,4.93,21.0,1.0065287584773777,1.0,0.0,,753.0,40.0
17031610300,15.6,10.0,8.91,14.0,0.96956640097028,2.0,1.0,,8725.0,483.0
17031581100,12.0,0.0,17.6,10.0,0.1238068748762284,0.0,1.0,,1208.0,101.0
17031590500,15.0,0.0,72.09,19.0,0.0,0.0,1.0,,624.0,111.0
17031590600,15.0,0.0,0.0,3.0,0.0,1.0,1.0,,339.0,45.0
17031570100,8.3,0.0,0.53,13.0,0.0,0.0,0.0,,891.0,200.0
17031570200,8.3,0.0,0.49,14.0,0.0,1.0,4.0,,1918.0,180.0
17031580200,12.0,0.0,0.94,23.0,0.4755936912996247,0.0,0.0,,885.0,125.0
17031560500,12.0,0.0,0.0,10.0,0.0,0.0,0.0,,627.0,96.0
17031560700,12.0,0.0,0.0,12.0,0.0,1.0,1.0,,1102.0,198.0
17031560800,12.0,0.0,0.0,23.0,0.0,2.0,0.0,,1758.0,307.0
17031530400,26.0,0.0,5.5,14.0,1.0039404556598388,1.0,2.0,,415.0,39.0
17031520300,15.8,0.0,4.6499999999999995,14.0,0.0,1.0,0.0,,1297.0,251.0
17031520400,15.8,0.0,7.68,15.0,0.6290057275439207,1.0,2.0,,1073.0,243.0
17031530300,26.0,70.0,42.1,19.0,0.1696038695713647,1.0,2.0,,691.0,72.0
17031510100,14.1,0.0,5.05,22.0,1.4356541072589424,0.0,1.0,,1116.0,194.0
17031490300,22.3,0.0,0.0,11.0,0.6169323601845313,0.0,1.0,,412.0,98.0
17031490800,22.3,0.0,0.0,25.0,1.4339141310528996,0.0,1.0,,937.0,257.0
17031491200,22.3,0.0,0.0,13.0,0.4999615044281408,0.0,2.0,,490.0,70.0
17031460400,19.3,0.0,2.95,3.0,0.2514877513406671,0.0,1.0,,509.0,72.0
17031460800,19.3,0.0,15.47,4.0,0.2622005195378699,0.0,2.0,,53.0,6.0
17031480200,20.4,0.0,0.0,6.0,0.0,0.0,0.0,,570.0,213.0
17031480300,20.4,0.0,0.0,5.0,0.0,0.0,1.0,,448.0,73.0
17031440600,20.1,0.0,0.0,13.0,0.4759167825427054,0.0,1.0,,305.0,30.0
17031460200,19.3,0.0,10.05,7.0,0.5638402940119139,0.0,1.0,,468.0,75.0
17031431100,23.1,0.0,10.66,19.0,0.0145088533246105,0.0,1.0,,912.0,196.0
17031440300,20.1,0.0,6.15,26.0,0.9995854219253492,2.0,1.0,,1154.0,212.0
17031420800,22.1,108.0,0.8300000000000001,10.0,0.4676912562327891,0.0,1.0,,649.0,114.0
17031421100,22.1,117.0,0.0,31.0,0.4735679688731873,0.0,0.0,,360.0,108.0
17031430400,23.1,0.0,0.0,11.0,0.1523190801084251,0.0,1.0,,926.0,200.0
17031430600,23.1,0.0,0.0,7.0,0.0858635992310465,0.0,0.0,,865.0,202.0
17031411000,27.5,0.0,0.0,14.0,0.7235673495090182,0.0,1.0,,981.0,205.0
17031411400,27.5,0.0,0.0,12.0,0.2528189963570293,0.0,0.0,,533.0,220.0
17031420300,22.1,64.0,0.0,10.0,0.0,0.0,0.0,,175.0,56.0
17031390400,28.0,252.0,3.96,8.0,0.5024783447145076,0.0,1.0,,234.0,12.0
17031390700,28.0,0.0,0.0,17.0,0.0,1.0,1.0,,674.0,79.0
17031400300,21.9,85.0,350.49,29.0,1.9347318899022972,0.0,1.0,,329.0,57.0
17031410400,27.5,0.0,0.0,4.0,0.1026471168120885,0.0,0.0,,142.0,22.0
17031410500,27.5,0.0,0.57,7.0,0.5111801181941874,0.0,1.0,,111.0,5.0
17031370400,12.3,0.0,0.61,13.0,0.0,0.0,0.0,,673.0,157.0
17031380300,16.9,142.0,0.24,14.0,1.0214549887581612,0.0,0.0,,311.0,48.0
17031380700,16.9,199.0,0.0,4.0,0.0,0.0,0.0,,278.0,42.0
17031381500,16.9,239.0,0.0,3.0,0.1252081008644886,0.0,0.0,,362.0,88.0
17031381800,16.9,96.0,0.75,9.0,0.2514662477193286,0.0,1.0,,482.0,78.0
17031390100,28.0,0.0,0.31,3.0,0.0,0.0,0.0,,488.0,112.0
17031350100,21.6,0.0,0.0,6.0,0.351648951430219,0.0,0.0,,131.0,7.0
17031350400,21.6,0.0,6.75,5.0,0.1550727620620343,1.0,1.0,,114.0,15.0
17031350900,21.6,0.0,0.0,2.0,0.4026786636831818,0.0,0.0,,41.0,0.0
17031370300,12.3,100.0,0.0,9.0,0.0,0.0,0.0,,94.0,20.0
17031360300,19.3,148.0,0.28,4.0,0.4683036865594463,0.0,1.0,,44.0,0.0
17031330200,13.8,648.0,21.21,18.0,0.7195605247479344,0.0,2.0,,507.0,86.0
17031330400,13.8,0.0,0.0,13.0,0.586260107606497,0.0,1.0,,1259.0,174.0
17031340200,13.1,147.0,0.45,22.0,0.4733125170054288,3.0,1.0,,3301.0,980.0
17031311400,10.6,0.0,7.630000000000001,31.0,1.2151089830409556,0.0,1.0,,3608.0,333.0
17031320500,17.8,0.0,4.74,44.0,1.9789019594568291,2.0,1.0,,22312.0,3548.0
17031301800,14.9,0.0,0.0,24.0,2.25777167888936,2.0,3.0,,3578.0,646.0
17031310300,10.6,65.0,0.71,10.0,0.2538440595656246,1.0,1.0,,956.0,107.0
17031310600,10.6,140.0,0.72,17.0,1.1267656482575472,3.0,2.0,,2923.0,637.0
17031310700,10.6,0.0,0.0,6.0,0.30076494736678,0.0,1.0,,781.0,213.0
17031311000,10.6,5.0,0.0,12.0,0.3816839627695217,0.0,1.0,,1581.0,319.0
17031292600,17.7,0.0,0.0,9.0,0.2588773624330675,0.0,0.0,,1310.0,81.0
17031300300,14.9,0.0,0.0,4.0,0.0,0.0,0.0,,890.0,109.0
17031300400,14.9,0.0,0.2,3.0,0.1507282133694633,0.0,0.0,,263.0,23.0
17031301300,14.9,0.0,0.0,22.0,1.5657117954780444,0.0,1.0,,1029.0,43.0
17031301400,14.9,0.0,22.77,5.0,0.7558536944645913,0.0,0.0,,2193.0,176.0
17031284300,14.6,0.0,0.0,4.0,0.2430133432793012,0.0,0.0,,890.0,105.0
17031290600,17.7,0.0,0.0,3.0,0.162052668443473,0.0,0.0,,64.0,11.0
17031290900,17.7,32.0,9.530000000000001,15.0,1.0185733954828031,0.0,1.0,,898.0,130.0
17031291900,17.7,0.0,0.0,3.0,0.0618580776534152,0.0,0.0,,33.0,9.0
17031291200,17.7,0.0,3.83,12.0,0.7616829003209606,0.0,1.0,,201.0,58.0
17031291600,17.7,0.0,0.0,3.0,0.2716926633701886,0.0,0.0,,130.0,19.0
17031292100,17.7,0.0,0.08,3.0,0.0,0.0,1.0,,118.0,16.0
17031282800,14.6,0.0,1.04,6.0,0.1260530811504155,0.0,0.0,,717.0,180.0
17031283200,14.6,189.0,7.07,8.0,0.6153479418704587,0.0,0.0,,456.0,135.0
17031283500,14.6,0.0,0.0,12.0,1.9450895873143603,0.0,0.0,,1356.0,222.0
17031283600,14.6,0.0,0.0,6.0,1.462967706360332,0.0,0.0,,1327.0,291.0
17031280100,14.6,61.0,1.31,22.0,2.6940302320071225,0.0,0.0,,7154.0,1417.0
17031280600,14.6,0.0,0.0,2.0,0.2970343540757575,0.0,0.0,,377.0,0.0
17031280900,14.6,8.0,0.0,7.0,0.1275730716574486,0.0,0.0,,217.0,75.0
17031281100,14.6,0.0,0.0,1.0,0.1258097578624077,0.0,0.0,,27.0,0.0
17031281800,14.6,82.0,2.71,14.0,0.5044601535213209,0.0,0.0,,4288.0,547.0
17031281900,14.6,0.0,1.11,20.0,1.2114061643596596,2.0,0.0,,6144.0,1179.0
17031260900,17.9,0.0,1.33,4.0,0.2612564753713569,0.0,0.0,,297.0,93.0
17031270300,18.4,352.0,0.0,8.0,0.6261189930428438,1.0,0.0,,347.0,36.0
17031270800,18.4,0.0,0.0,4.0,0.5075892271088117,0.0,0.0,,125.0,23.0
17031271300,18.4,24.0,1.28,21.0,0.7541979804986313,0.0,2.0,,90.0,0.0
17031251700,19.0,0.0,0.48,10.0,0.0,0.0,2.0,,894.0,162.0
17031252200,19.0,120.0,5.94,41.0,1.6715088052413007,2.0,2.0,,1305.0,310.0
17031252300,19.0,0.0,0.0,25.0,0.7223908082447821,0.0,1.0,,1611.0,56.0
17031260700,17.9,0.0,0.0,14.0,0.7556484212892737,0.0,0.0,,675.0,162.0
17031250800,19.0,0.0,18.8,14.0,1.2577641651850906,0.0,1.0,,1036.0,142.0
17031251100,19.0,0.0,0.0,11.0,1.390504354372078,0.0,1.0,,846.0,224.0
17031251600,19.0,0.0,0.85,7.0,0.9822081703261688,0.0,1.0,,427.0,105.0
17031242100,19.5,13.0,0.0,5.0,1.0063660258535705,0.0,1.0,,1725.0,402.0
17031242800,19.5,0.0,10.53,17.0,0.7949974892604871,0.0,0.0,,1032.0,84.0
17031243100,19.5,3.0,0.22,10.0,1.2517517631742292,0.0,1.0,,1664.0,153.0
17031243500,19.5,43.0,0.0,21.0,1.1881358404111315,1.0,0.0,,3452.0,435.0
17031243600,19.5,1.0,0.0,12.0,0.6444030820223817,0.0,0.0,,1160.0,180.0
17031240400,19.5,0.0,0.0,4.0,0.0718379863359754,1.0,0.0,,1022.0,150.0
17031240500,19.5,4.0,0.54,9.0,0.3792848867955199,0.0,0.0,,1018.0,137.0
17031241000,19.5,26.0,0.0,3.0,0.5682333020933595,1.0,1.0,,353.0,68.0
17031241500,19.5,8.0,0.66,8.0,0.2332407482331187,0.0,0.0,,3315.0,628.0
17031241600,19.5,0.0,4.18,7.0,0.0693824038957406,1.0,2.0,,1133.0,158.0
17031222600,19.9,0.0,0.51,2.0,0.502001370234303,1.0,0.0,,389.0,64.0
17031222800,19.9,48.0,0.0,1.0,0.1680540695790858,0.0,0.0,,242.0,52.0
17031230700,16.5,72.0,0.7,22.0,0.0,0.0,1.0,,1839.0,282.0
17031230900,16.5,27.0,0.0,11.0,0.3812876953626483,0.0,1.0,,945.0,225.0
17031231200,16.5,4.0,0.97,12.0,0.0,2.0,0.0,,1430.0,361.0
17031220800,19.9,0.0,0.0,6.0,0.3693521768590629,0.0,0.0,,374.0,37.0
17031221100,19.9,100.0,0.17,13.0,0.0834793949513345,0.0,0.0,,1127.0,123.0
17031221800,19.9,0.0,0.0,10.0,1.1632511966863712,0.0,0.0,,2060.0,240.0
17031222300,19.9,14.0,0.37,3.0,0.3341535249563532,1.0,0.0,,787.0,121.0
17031200400,17.0,0.0,4.9,12.0,0.0,0.0,1.0,,1542.0,247.0
17031210500,16.1,32.0,0.0,21.0,0.7777492493728229,1.0,3.0,,2838.0,459.0
17031210700,16.1,0.0,0.15,6.0,1.8973473467035504,0.0,0.0,,1146.0,192.0
17031220100,19.9,0.0,0.0,13.0,1.3877547035973832,0.0,0.0,,2013.0,300.0
17031220200,19.9,0.0,2.18,8.0,0.684187929760864,0.0,0.0,,931.0,175.0
17031190800,15.2,0.0,0.0,12.0,1.5170244599534055,0.0,0.0,,2142.0,265.0
17031190900,15.2,85.0,0.0,6.0,0.5260907653384717,1.0,0.0,,646.0,124.0
17031191400,15.2,1.0,0.0,5.0,0.0,0.0,1.0,,117.0,10.0
17031170500,18.8,0.0,0.0,17.0,0.0,0.0,1.0,,632.0,110.0
17031170800,18.8,0.0,0.0,12.0,0.0,1.0,1.0,,1448.0,237.0
17031171100,18.8,0.0,0.0,14.0,1.0150979726770852,0.0,2.0,,982.0,177.0
17031160800,24.8,0.0,4.35,13.0,0.6969105563878399,0.0,2.0,,2122.0,324.0
17031161100,24.8,0.0,0.0,18.0,0.4498215917978618,0.0,1.0,,832.0,90.0
17031161300,24.8,0.0,0.0,16.0,0.7381411295019135,0.0,1.0,,2093.0,293.0
17031170300,18.8,0.0,0.0,22.0,0.0005482917923571,0.0,1.0,,1578.0,264.0
17031150800,19.4,0.0,0.0,14.0,0.000496788850866,0.0,0.0,,1329.0,130.0
17031150900,19.4,11.0,0.0,10.0,0.3249720942785381,1.0,0.0,,544.0,80.0
17031160200,24.8,0.0,1.03,11.0,0.5482987921762972,0.0,0.0,,1817.0,144.0
17031140200,23.8,56.0,0.0,5.0,0.4566866327678088,0.0,3.0,,1455.0,400.0
17031140400,23.8,97.0,0.33,21.0,0.7077751720733577,1.0,1.0,,2542.0,295.0
17031140700,23.8,0.0,0.0,18.0,1.0064837200956067,0.0,1.0,,3455.0,860.0
17031150200,19.4,2.0,2.12,37.0,1.2896912557616376,0.0,0.0,,4184.0,693.0
17031130200,33.0,0.0,38.39,21.0,0.119957995521564,0.0,0.0,,1220.0,235.0
17031100600,22.9,0.0,0.0,25.0,0.0,1.0,1.0,,1791.0,331.0
17031100700,22.9,0.0,0.0,8.0,0.0,0.0,1.0,,411.0,34.0
17031090200,23.4,1.0,10.25,16.0,0.3688867969015105,0.0,1.0,,2221.0,388.0
17031100200,22.9,0.0,3.52,29.0,1.2448265734007395,1.0,1.0,,2300.0,244.0
17031100400,22.9,0.0,0.0,6.0,0.0,0.0,0.0,,348.0,62.0
17031081500,17.8,0.0,0.0,19.0,0.4037479568084581,0.0,0.0,,10153.0,1872.0
17031071400,26.3,0.0,0.14,16.0,0.3101538332851176,0.0,0.0,,1845.0,455.0
17031071500,26.3,0.0,0.06,25.0,0.7220823867808587,0.0,2.0,,2764.0,414.0
17031080500,17.8,119.0,10.63,8.0,0.8569096966129466,0.0,2.0,,510.0,107.0
17031080200,17.8,0.0,0.0,16.0,1.0039608353895997,0.0,0.0,,2129.0,394.0
17031080700,17.8,24.0,0.0,7.0,0.3918562938063738,0.0,0.0,,1580.0,221.0
17031063100,23.6,4.0,0.15,10.0,0.3886060942356293,0.0,0.0,,1558.0,394.0
17031070500,26.3,0.0,0.42,3.0,0.3764085150408808,0.0,0.0,,611.0,94.0
17031071200,26.3,54.0,14.4,13.0,0.9778007368016708,0.0,2.0,,1630.0,479.0
17031061000,23.6,79.0,0.0,2.0,0.0,2.0,1.0,,1285.0,164.0
17031061300,23.6,2.0,0.38,5.0,0.2815629049625365,0.0,1.0,,760.0,144.0
17031061500,23.6,0.0,0.47,1.0,0.2519543280753341,0.0,0.0,,629.0,134.0
17031062300,23.6,0.0,0.53,3.0,0.7515427146646582,0.0,0.0,,772.0,106.0
17031062600,23.6,0.0,2.3,5.0,0.2462821239377978,0.0,1.0,,1213.0,163.0
17031062700,23.6,52.0,0.0,8.0,0.6059681948410665,1.0,0.0,,2279.0,404.0
17031062800,23.6,0.0,0.8,4.0,1.1077131131951303,0.0,0.0,,1627.0,324.0
17031062900,23.6,0.0,0.16,2.0,0.2506351529012214,0.0,1.0,,1201.0,224.0
17031050400,24.3,0.0,29.43,15.0,0.907838155997954,0.0,2.0,,1275.0,258.0
17031050500,24.3,0.0,0.0,15.0,0.5028645531522811,0.0,1.0,,1768.0,211.0
17031050600,24.3,2.0,0.12,7.0,1.1898894050125437,0.0,0.0,,1980.0,351.0
17031050700,24.3,0.0,0.0,4.0,0.2520207567521583,0.0,0.0,,329.0,48.0
17031050800,24.3,0.0,0.0,4.0,0.2514984093039346,0.0,1.0,,945.0,147.0
17031051000,24.3,0.0,0.0,3.0,0.2500108130184038,0.0,0.0,,727.0,53.0
17031051100,24.3,0.0,0.79,5.0,0.5013987751349922,0.0,0.0,,1074.0,181.0
17031051200,24.3,0.0,0.0,4.0,0.6513005234029979,0.0,0.0,,391.0,30.0
17031051400,24.3,91.0,9.08,7.0,1.1560994337756043,0.0,1.0,,612.0,58.0
17031051500,24.3,0.0,0.0,7.0,0.8319482911928975,0.0,0.0,,1183.0,58.0
17031060100,23.6,0.0,0.16,7.0,0.6349268312315811,0.0,1.0,,647.0,169.0
17031060200,23.6,0.0,0.22,2.0,0.487074382816024,0.0,1.0,,1471.0,115.0
17031060400,23.6,5.0,0.37,7.0,0.0,0.0,1.0,,1423.0,254.0
17031060500,23.6,0.0,1.39,6.0,0.5006299707620803,0.0,0.0,,497.0,114.0
17031060600,23.6,0.0,0.0,2.0,0.0,0.0,0.0,,425.0,146.0
17031060800,23.6,2.0,0.0,11.0,0.2320907860930492,0.0,0.0,,814.0,150.0
17031040100,28.3,0.0,23.68,18.0,1.5912233728229084,0.0,0.0,,1278.0,121.0
17031040200,28.3,0.0,1.55,43.0,2.913406158173152,0.0,1.0,,4047.0,821.0
17031040300,28.3,0.0,41.57,9.0,1.0916950586622836,0.0,0.0,,343.0,45.0
17031040700,28.3,2.0,0.89,8.0,1.505608687630584,0.0,0.0,,1879.0,531.0
17031040800,28.3,0.0,0.32,4.0,0.6769440401696084,0.0,1.0,,385.0,63.0
17031040900,28.3,0.0,15.97,10.0,1.074169069545313,1.0,0.0,,1288.0,245.0
17031050100,24.3,4.0,0.0,10.0,1.0172989717066794,0.0,0.0,,1195.0,216.0
17031050200,24.3,60.0,0.0,14.0,2.068177022805967,1.0,1.0,,2902.0,552.0
17031050300,24.3,5.0,0.0,6.0,0.3132965921641563,0.0,0.0,,1188.0,140.0
17031031000,23.5,9.0,0.0,9.0,0.789329670816509,0.0,0.0,,1740.0,280.0
17031031100,23.5,95.0,0.16,12.0,1.5023859860932574,2.0,0.0,,1704.0,306.0
17031031200,23.5,329.0,0.25,11.0,1.511920604485921,2.0,1.0,,3196.0,929.0
17031031400,23.5,8.0,12.78,33.0,1.457604085484791,0.0,2.0,,1053.0,136.0
17031031700,23.5,262.0,0.72,12.0,1.6616793431740424,1.0,1.0,,1782.0,344.0
17031031800,23.5,6.0,4.93,6.0,0.9570523327731516,1.0,0.0,,734.0,118.0
17031031900,23.5,0.0,0.0,6.0,0.378981450853018,0.0,0.0,,1140.0,113.0
17031032100,23.5,231.0,0.0,22.0,0.5524469021898792,1.0,0.0,,1671.0,277.0
17031020600,26.0,3.0,0.0,18.0,0.7483476722539808,2.0,1.0,,3400.0,799.0
17031020700,26.0,216.0,70.83999999999999,40.0,1.191271016874917,3.0,2.0,,3030.0,518.0
17031030200,26.3,3.0,0.08,14.0,2.013055748433396,1.0,1.0,,2211.0,435.0
17031030300,26.3,0.0,0.0,6.0,0.2562773103494545,1.0,0.0,,875.0,132.0
17031030400,26.3,16.0,0.0,10.0,0.9634019794112388,0.0,0.0,,1098.0,202.0
17031030600,26.3,396.0,5.64,11.0,1.3639640519176726,1.0,1.0,,1203.0,204.0
17031030700,26.3,0.0,0.38,21.0,1.47537831287177,0.0,0.0,,2408.0,486.0
17031030800,26.3,0.0,0.69,9.0,1.4433139952870335,0.0,1.0,,2572.0,533.0
17031010500,27.4,953.0,0.45,17.0,1.5292853239768749,0.0,0.0,,1735.0,464.0
17031010600,27.4,0.0,0.0,10.0,1.7931354311148575,0.0,2.0,,1616.0,283.0
17031010700,27.4,57.0,1.52,21.0,0.8613629342857763,1.0,1.0,,3160.0,634.0
17031010900,27.4,0.0,2.15,1.0,0.0,0.0,1.0,,199.0,17.0
17031020300,26.0,14.0,24.7,37.0,1.1173471620395472,0.0,2.0,,1264.0,277.0
17031020400,26.0,0.0,0.2,12.0,0.3701616545610653,0.0,1.0,,624.0,139.0
17031020200,26.0,0.0,24.56,24.0,0.5004604189681037,0.0,1.0,,1789.0,274.0
17031000000,19.3,0.0,0.61,0.0,0.0121678449717373,0.0,0.0,,991.0,287.0
17031010100,27.4,0.0,9.1,1.0,1.1004262609966202,0.0,1.0,,617.0,122.0
17031010200,27.4,57.0,16.49,15.0,0.8896216165576428,1.0,2.0,,2268.0,488.0
17031750100,28.1,0.0,0.97,21.0,0.0,0.0,1.0,,788.0,179.0
17031750200,28.1,0.0,11.3,10.0,0.5100370238986401,1.0,2.0,,592.0,94.0
17031750300,28.1,0.0,0.0,4.0,0.0,0.0,0.0,,879.0,147.0
17031750600,28.1,0.0,16.72,19.0,0.3772701763246479,0.0,2.0,,1017.0,199.0
17031760800,19.3,0.0,1.79,30.0,0.0,0.0,1.0,,3899.0,531.0
17031760900,19.3,0.0,0.0,0.0,0.0,0.0,0.0,,161.0,13.0
17031770600,19.3,0.0,0.0,0.0,0.0,0.0,0.0,,5356.0,2303.0
17031770800,19.3,0.0,0.0,0.0,0.0,0.0,0.0,,0.0,0.0
17031770900,19.3,0.0,0.0,0.0,0.0,0.0,0.0,,3.0,0.0
17031808100,19.3,0.0,0.0,0.0,0.0,0.0,0.0,,0.0,0.0
17031810501,19.3,0.0,0.0,92.0,0.0637659789445631,0.0,0.0,,97.0,0.0
17031821500,24.7,0.0,0.0,0.0,0.0,0.0,0.0,,0.0,0.0
17031823304,28.1,0.0,0.0,1.0,0.0,0.0,0.0,,0.0,0.0
17031590700,15.0,0.0,0.0,13.0,0.0,0.0,2.0,,1308.0,124.0
17031600300,13.0,0.0,0.0,4.0,0.0,0.0,1.0,,211.0,17.0
17031561300,12.0,0.0,0.0,12.0,0.0,0.0,0.0,,414.0,87.0
17031320200,17.8,16.0,0.0,28.0,2.189548386213498,1.0,0.0,,19144.0,3093.0
17031292300,17.7,0.0,0.0,7.0,0.2881905923567912,0.0,0.0,,135.0,25.0
17031290100,17.7,0.0,0.0,3.0,0.1878767578562102,0.0,0.0,,102.0,11.0
17031282300,14.6,3.0,0.0,7.0,0.5499416136662714,0.0,1.0,,102.0,10.0
17031280300,14.6,260.0,14.24,8.0,1.686779880420026,0.0,0.0,,4503.0,357.0
17031270600,18.4,0.0,0.0,4.0,0.6302903219032879,0.0,0.0,,89.0,13.0
17031260400,17.9,0.0,0.0,2.0,0.5044175380166361,0.0,0.0,,508.0,37.0
17031242400,19.5,2.0,0.28,8.0,0.5042763367921658,0.0,1.0,,1280.0,243.0
17031240800,19.5,52.0,16.76,3.0,0.0,0.0,0.0,,360.0,73.0
17031230600,16.5,15.0,1.98,21.0,0.0,0.0,2.0,,2380.0,231.0
17031221600,19.9,0.0,4.38,4.0,0.2622454060681979,0.0,1.0,,1193.0,198.0
17031190300,15.2,3.0,0.0,11.0,0.5043613365570154,0.0,0.0,,2522.0,471.0
17031190100,15.2,110.0,0.0,9.0,0.0,0.0,0.0,,1290.0,229.0
17031160100,24.8,0.0,3.0,6.0,0.6900790409920393,0.0,0.0,,1013.0,182.0
17031381900,16.9,0.0,0.0,4.0,0.2528778595597513,0.0,0.0,,93.0,22.0
17031350800,21.6,1.0,0.0,2.0,0.3161203494993599,0.0,0.0,,80.0,7.0
17031370200,12.3,0.0,11.31,10.0,0.0,0.0,1.0,,211.0,39.0
17031320300,17.8,0.0,0.0,6.0,0.2662483378341357,0.0,0.0,,6234.0,928.0
17031300200,14.9,0.0,0.0,3.0,0.2521577553609693,0.0,1.0,,418.0,106.0
17031301500,14.9,0.0,0.0,8.0,0.7555369779445037,0.0,2.0,,942.0,216.0
17031291000,17.7,45.0,0.6,5.0,0.2524005649113237,0.0,0.0,,231.0,34.0
17031283100,14.6,0.0,0.0,5.0,0.4886162909044261,0.0,1.0,,1118.0,370.0
17031280700,14.6,0.0,0.0,2.0,0.2968501677733652,0.0,0.0,,299.0,23.0
17031282000,14.6,0.0,0.0,8.0,1.884765671042432,0.0,0.0,,804.0,127.0
17031271000,18.4,143.0,0.0,9.0,0.5981615218845064,0.0,0.0,,141.0,15.0
17031250700,19.0,0.0,0.0,18.0,1.0245492968271692,0.0,0.0,,1294.0,229.0
17031242500,19.5,61.0,0.0,7.0,0.5080352117622368,0.0,3.0,,1126.0,203.0
17031240100,19.5,0.0,0.0,4.0,0.3299928227473561,1.0,0.0,,1213.0,114.0
17031222900,19.9,30.0,0.41,3.0,0.6841648729166816,0.0,1.0,,493.0,59.0
17031220700,19.9,0.0,9.01,12.0,2.016973473471742,0.0,1.0,,1620.0,251.0
17031222000,19.9,0.0,1.24,6.0,0.4985530561245826,0.0,1.0,,292.0,31.0
17031210900,16.1,0.0,0.16,10.0,1.4726778489194647,0.0,0.0,,1743.0,190.0
17031191000,15.2,0.0,0.0,11.0,0.2412931349380615,0.0,0.0,,1232.0,134.0
17031180100,18.6,10.0,4.36,18.0,0.0,0.0,1.0,,1317.0,213.0
17031170400,18.8,0.0,0.0,12.0,0.0,0.0,0.0,,1261.0,227.0
17031160300,24.8,0.0,0.0,12.0,0.1339553457295912,0.0,1.0,,1342.0,198.0
17031150100,19.4,104.0,0.0,9.0,0.0,0.0,0.0,,563.0,82.0
17031110100,22.5,0.0,0.0,9.0,1.3853819360819075,0.0,0.0,,2020.0,280.0
17031081100,17.8,0.0,0.0,6.0,0.5046394601885281,0.0,1.0,,2480.0,453.0
17031080100,17.8,0.0,0.61,13.0,0.0,0.0,0.0,,1001.0,88.0
17031061200,23.6,1.0,0.0,3.0,0.3057556675596073,0.0,0.0,,828.0,214.0
17031062400,23.6,98.0,0.0,2.0,0.4994909337878158,0.0,0.0,,497.0,93.0
17031051300,24.3,0.0,0.0,9.0,0.7564547209055782,0.0,1.0,,424.0,62.0
17031040500,28.3,0.0,0.0,4.0,0.7689461426114722,0.0,1.0,,807.0,183.0
17031031300,23.5,16.0,1.85,21.0,0.2018959679698032,0.0,1.0,,432.0,26.0
17031030100,26.3,114.0,4.11,14.0,1.3041839450519777,0.0,0.0,,2341.0,582.0
17031020100,26.0,0.0,0.0,7.0,0.0,0.0,1.0,,944.0,185.0
17031750400,28.1,0.0,18.48,3.0,0.0,0.0,1.0,,900.0,143.0
17031811600,19.3,0.0,0.0,0.0,0.0,0.0,0.0,,0.0,0.0
17031600400,13.0,85.0,0.42,13.0,0.7536962158311775,0.0,0.0,,858.0,168.0
17031420900,22.1,42.0,0.66,7.0,0.471161817871443,0.0,1.0,,135.0,29.0
17031730500,21.4,0.0,15.759999999999998,17.0,0.0,2.0,2.0,,549.0,85.0
17031691500,21.4,0.0,20.240000000000002,11.0,0.6875513176651165,1.0,1.0,,915.0,153.0
17031282400,14.6,0.0,2.55,3.0,0.2481961673260802,0.0,0.0,,177.0,21.0
17031282600,14.6,0.0,0.0,5.0,0.0,0.0,0.0,,68.0,4.0
17031282900,14.6,0.0,2.63,35.0,2.0712365496266765,1.0,1.0,,776.0,226.0
17031612100,15.6,110.0,1.0,9.0,0.0,0.0,0.0,,225.0,72.0
17031601500,13.0,0.0,0.49,15.0,0.8174582808944716,0.0,1.0,,859.0,95.0
17031500100,19.3,0.0,27.9,22.0,1.321036330277476,1.0,3.0,,1003.0,106.0
17031460100,19.3,0.0,87.22,20.0,2.757268169327916,0.0,1.0,,673.0,150.0
17031411300,27.5,0.0,72.5,7.0,0.2464388387870506,0.0,0.0,,550.0,246.0
17031381700,16.9,0.0,9.69,8.0,0.0,0.0,1.0,,72.0,11.0
17031320100,17.8,14.0,5.83,37.0,1.6526884618238489,4.0,2.0,,19638.0,2666.0
17031301200,14.9,0.0,1.02,8.0,0.6682120222323735,1.0,1.0,,1442.0,231.0
17031281000,14.6,0.0,0.0,3.0,0.1276845057807321,0.0,0.0,,170.0,53.0
17031261000,17.9,0.0,0.59,7.0,0.300652416855185,0.0,2.0,,378.0,43.0
17031250900,19.0,0.0,0.0,10.0,0.0,0.0,0.0,,698.0,48.0
17031241900,19.5,0.0,8.85,6.0,0.7892149351176881,0.0,0.0,,371.0,2.0
17031222200,19.9,3.0,1.31,11.0,0.8756417691320295,0.0,0.0,,1085.0,215.0
17031180300,18.6,85.0,0.0,7.0,0.0,0.0,0.0,,653.0,92.0
17031140600,23.8,0.0,2.8,13.0,0.5034111331595017,0.0,2.0,,2365.0,457.0
17031062200,23.6,51.0,0.0,1.0,0.5943886664686869,0.0,1.0,,1681.0,291.0
17031491000,22.3,90.0,3.23,8.0,0.4632247069218358,0.0,2.0,,653.0,143.0
17031150300,19.4,4.0,46.95,32.0,1.329315546239506,1.0,2.0,,1972.0,240.0
17031251200,19.0,0.0,0.29,16.0,0.5094331974185349,1.0,2.0,,846.0,172.0
17031600600,13.0,0.0,2.15,7.0,0.1417735725743104,0.0,1.0,,777.0,60.0
17031460900,19.3,0.0,20.27,6.0,0.125509820620345,2.0,1.0,,833.0,226.0
17031380800,16.9,87.0,0.5,6.0,0.3754577559441845,0.0,0.0,,177.0,53.0
17031284100,14.6,0.0,0.0,10.0,0.6347665578698585,0.0,1.0,,116.0,10.0
17031260200,17.9,0.0,0.98,6.0,0.8579612236402526,0.0,1.0,,970.0,132.0
17031221300,19.9,24.0,0.0,9.0,0.4850043634114663,0.0,0.0,,1611.0,343.0
17031720100,40.5,0.0,5.12,19.0,0.0,0.0,1.0,,1208.0,190.0
17031310500,10.6,0.0,6.34,4.0,0.1660414012730343,0.0,0.0,,933.0,145.0
17031241400,19.5,128.0,4.74,16.0,1.6385659749163382,0.0,1.0,,4802.0,928.0
17031070100,26.3,0.0,0.0,16.0,1.0801724533941874,0.0,0.0,,3545.0,756.0
17031380600,16.9,220.0,0.0,1.0,0.0,0.0,0.0,,77.0,17.0
17031140500,23.8,0.0,0.43000000000000005,9.0,0.5086822617961122,0.0,0.0,,1592.0,309.0
17031120400,44.2,0.0,0.58,14.0,0.6751189882864477,0.0,0.0,,1254.0,176.0
17031282200,14.6,5.0,4.57,5.0,0.2584510348134025,0.0,1.0,,765.0,273.0
17031230200,16.5,111.0,0.0,8.0,0.0,0.0,1.0,,687.0,156.0
17031081700,17.8,4.0,0.0,20.0,1.6332601773201796,0.0,0.0,,10174.0,1537.0
17031671200,25.9,0.0,0.0,6.0,0.1873329436683686,1.0,0.0,,280.0,70.0
17031340300,13.1,0.0,0.0,1.0,0.2089997963068332,0.0,1.0,,185.0,19.0
17031170900,18.8,0.0,0.0,6.0,0.0,0.0,0.0,,287.0,59.0
17031711000,18.7,0.0,0.32,13.0,0.3459394779170048,0.0,1.0,,630.0,118.0
17031690500,21.4,0.0,0.0,17.0,0.8461438864805969,0.0,1.0,,483.0,79.0
17031681300,24.7,0.0,33.84,18.0,0.6291965362514725,0.0,0.0,,409.0,66.0
17031660400,18.5,0.0,0.0,13.0,0.4933483070994892,1.0,0.0,,1094.0,156.0
17031620100,12.7,78.0,0.0,6.0,0.0,0.0,0.0,,904.0,228.0
17031611300,15.6,101.0,0.0,8.0,0.0,1.0,2.0,,1298.0,249.0
17031580900,12.0,0.0,0.0,10.0,0.2515609485322068,1.0,2.0,,858.0,179.0
17031580400,12.0,30.0,0.0,22.0,0.0,0.0,1.0,,1424.0,239.0
17031520600,15.8,0.0,18.64,12.0,0.3120083522706788,0.0,2.0,,139.0,1.0
17031491300,22.3,0.0,0.0,8.0,0.4972071612597949,0.0,0.0,,299.0,58.0
17031450300,22.0,0.0,0.0,33.0,1.9759590414083728,0.0,3.0,,1517.0,220.0
17031410700,27.5,27.0,11.99,4.0,0.0,0.0,1.0,,894.0,279.0
17031400500,21.9,422.0,0.0,6.0,0.0,0.0,1.0,,235.0,49.0
17031381100,16.9,0.0,0.25,2.0,0.0,0.0,0.0,,243.0,25.0
17031351200,21.6,272.0,0.0,10.0,0.6461748588819995,0.0,0.0,,243.0,52.0
17031290300,17.7,0.0,0.0,4.0,0.0,0.0,0.0,,143.0,20.0
17031081400,17.8,3.0,11.71,38.0,1.0424325265923613,0.0,0.0,,13047.0,2342.0
17031081600,17.8,0.0,0.0,14.0,0.8817075960079599,0.0,0.0,,4374.0,830.0
17031081900,17.8,21.0,0.0,3.0,0.0,0.0,0.0,,243.0,28.0
17031071600,26.3,0.0,0.84,4.0,0.2504910679915391,0.0,0.0,,204.0,41.0
17031071800,26.3,0.0,0.0,7.0,0.7508867125520401,0.0,1.0,,974.0,210.0
17031291400,17.7,11.0,165.49,19.0,0.868552944591203,1.0,3.0,,315.0,34.0
17031283000,14.6,0.0,0.0,18.0,1.4303904965747307,0.0,1.0,,258.0,121.0
17031271800,18.4,0.0,0.48,4.0,0.2527116988447324,0.0,1.0,,297.0,71.0
17031281300,14.6,84.0,3.26,11.0,0.254891906869621,1.0,2.0,,216.0,23.0
17031270100,18.4,0.0,0.0,3.0,0.3039327598762508,0.0,0.0,,469.0,18.0
17031271600,18.4,0.0,0.24,3.0,0.5012145143533505,0.0,0.0,,214.0,49.0
17031260600,17.9,0.0,0.0,8.0,0.2531843249071138,1.0,0.0,,317.0,70.0
17031251000,19.0,0.0,0.0,12.0,0.1261863282998157,2.0,1.0,,1078.0,77.0
17031242600,19.5,83.0,0.0,13.0,1.1991803348475985,1.0,2.0,,1521.0,292.0
17031240200,19.5,0.0,2.18,4.0,0.2546601680796934,0.0,1.0,,536.0,103.0
17031241800,19.5,38.0,0.0,9.0,0.6166625593352153,0.0,0.0,,923.0,75.0
17031231400,16.5,0.0,6.96,10.0,0.0,0.0,2.0,,403.0,2.0
17031221400,19.9,35.0,0.0,14.0,1.088253034082077,0.0,2.0,,1674.0,350.0
17031210300,16.1,0.0,0.79,14.0,0.2211524773234628,0.0,2.0,,1752.0,266.0
17031220400,19.9,96.0,0.16,10.0,0.8854010171340397,0.0,0.0,,1287.0,231.0
17031200200,17.0,0.0,9.92,13.0,1.4452557925083769,0.0,1.0,,1534.0,189.0
17031160600,24.8,0.0,58.07,11.0,2.8672334569008364,1.0,1.0,,2600.0,398.0
17031150600,19.4,0.0,0.0,14.0,0.0,0.0,0.0,,1509.0,247.0
17031160400,24.8,14.0,0.0,13.0,1.410557615287234,0.0,0.0,,2422.0,290.0
17031140800,23.8,80.0,1.06,7.0,1.4780050492538648,0.0,1.0,,2924.0,521.0
17031110200,22.5,73.0,1.73,16.0,1.4176081684642892,0.0,0.0,,2170.0,358.0
17031081200,17.8,0.0,0.51,16.0,0.0,0.0,0.0,,8943.0,1292.0
17031071700,26.3,0.0,0.0,2.0,0.0,0.0,0.0,,345.0,14.0
17031063200,23.6,0.0,0.0,14.0,0.0,0.0,0.0,,1271.0,253.0
17031071300,26.3,0.0,0.0,7.0,0.6051789223591344,0.0,0.0,,1042.0,186.0
17031062100,23.6,8.0,0.0,9.0,0.8598807271818407,0.0,0.0,,3542.0,672.0
17031060300,23.6,0.0,0.21,6.0,0.0,0.0,0.0,,1233.0,135.0
17031060700,23.6,9.0,2.42,11.0,0.0006057126164086,0.0,1.0,,944.0,222.0
17031040400,28.3,30.0,23.03,22.0,2.049121675827808,0.0,2.0,,2319.0,464.0
17031041000,28.3,0.0,0.0,4.0,0.5090611256169931,1.0,0.0,,966.0,226.0
17031030900,26.3,0.0,0.52,18.0,0.5032823869923413,0.0,1.0,,2064.0,415.0
17031031600,23.5,90.0,0.18,17.0,1.5554681274433213,5.0,1.0,,2634.0,584.0
17031032000,23.5,13.0,3.39,6.0,0.5376846928555561,0.0,0.0,,106.0,16.0
17031020800,26.0,2.0,4.1,31.0,0.8571514835809577,1.0,1.0,,5341.0,1033.0
17031030500,26.3,0.0,6.05,17.0,1.0149516272658474,0.0,1.0,,1470.0,321.0
17031010300,27.4,111.0,4.8500000000000005,14.0,1.352744430290035,0.0,0.0,,1352.0,177.0
17031010800,27.4,0.0,0.44,10.0,0.4929813709844169,0.0,0.0,,2267.0,361.0
17031020500,26.0,0.0,89.63,11.0,0.5099758168433081,0.0,0.0,,1541.0,432.0
17031740300,18.6,0.0,2.18,16.0,0.0,1.0,1.0,,950.0,173.0
17031750500,28.1,0.0,15.95,33.0,1.0266657564776709,0.0,1.0,,1209.0,256.0
17031770700,19.3,0.0,0.0,0.0,0.0,0.0,0.0,,443.0,21.0
17031810400,19.3,0.0,0.0,0.0,0.0,0.0,0.0,,320.0,78.0
17031840000,19.3,0.0,0.0,0.0,0.0,0.0,0.0,,0.0,0.0
17031710800,18.7,85.0,0.77,18.0,1.06685253862953,4.0,2.0,,1016.0,203.0
17031711500,18.7,0.0,0.0,9.0,0.0,0.0,1.0,,147.0,15.0
17031110300,22.5,0.0,4.97,24.0,0.0,0.0,0.0,,896.0,122.0
17031081300,17.8,0.0,8.21,11.0,0.0,1.0,0.0,,4917.0,667.0
17031070200,26.3,14.0,0.21,9.0,0.5547464505232746,0.0,1.0,,2051.0,534.0
17031062000,23.6,11.0,0.17,7.0,0.8531236634502661,1.0,1.0,,1460.0,360.0
17031700100,15.3,0.0,1.38,28.0,0.0,0.0,2.0,,1688.0,208.0
17031661100,18.5,0.0,0.0,11.0,0.0,0.0,0.0,,589.0,106.0
17031671900,25.9,0.0,0.0,8.0,0.0,0.0,0.0,,280.0,36.0
17031680200,24.7,167.0,6.4,24.0,0.0,1.0,3.0,,403.0,93.0
17031680400,24.7,99.0,0.23,9.0,0.0,0.0,1.0,,277.0,68.0
17031680700,24.7,109.0,0.0,7.0,0.0,0.0,1.0,,248.0,53.0
17031681100,24.7,0.0,0.0,17.0,0.5018872436143119,0.0,1.0,,531.0,110.0
17031670200,25.9,0.0,0.0,6.0,0.0,0.0,0.0,,392.0,57.0
17031670500,25.9,0.0,17.66,14.0,0.0,0.0,1.0,,336.0,52.0
17031670700,25.9,71.0,0.0,6.0,0.0,0.0,0.0,,618.0,115.0
17031671500,25.9,0.0,0.31,16.0,0.5022147597692532,0.0,1.0,,768.0,186.0
17031671700,25.9,0.0,0.0,8.0,0.7526396123395726,0.0,1.0,,163.0,28.0
17031660100,18.5,0.0,0.0,6.0,0.0085712438082285,0.0,1.0,,477.0,40.0
17031660300,18.5,0.0,0.09,17.0,0.5039303555434969,1.0,0.0,,2065.0,388.0
17031661000,18.5,93.0,0.07,12.0,0.0,0.0,0.0,,1327.0,248.0
17031640100,8.8,0.0,0.0,6.0,0.0,0.0,0.0,,400.0,104.0
17031640300,8.8,0.0,26.410000000000004,21.0,0.0,0.0,1.0,,1104.0,179.0
17031640500,8.8,0.0,0.64,17.0,0.5036369243748766,1.0,2.0,,483.0,94.0
17031650300,10.7,0.0,22.26,17.0,0.0116808122562578,0.0,1.0,,2290.0,492.0
17031620200,12.7,0.0,4.35,11.0,0.0,0.0,0.0,,2400.0,258.0
17031620400,12.7,0.0,0.0,12.0,0.0,0.0,1.0,,505.0,97.0
17031630900,14.6,59.0,18.83,11.0,0.0,0.0,2.0,,598.0,124.0
17031630700,14.6,0.0,26.5,15.0,0.0,0.0,2.0,,1230.0,193.0
17031610400,15.6,0.0,0.0,4.0,0.0,0.0,1.0,,1107.0,164.0
17031610700,15.6,0.0,1.44,6.0,0.5053134077738812,0.0,1.0,,416.0,74.0
17031610900,15.6,0.0,0.0,9.0,0.5024917024060073,0.0,1.0,,284.0,4.0
17031611800,15.6,0.0,0.0,5.0,0.0,0.0,1.0,,374.0,51.0
17031611400,15.6,0.0,8.8,6.0,0.501755779950417,0.0,2.0,,653.0,122.0
17031600500,13.0,0.0,37.35,13.0,0.5094685787215844,0.0,0.0,,1518.0,136.0
17031600800,13.0,0.0,1.55,9.0,0.2511384423977109,1.0,1.0,,1302.0,166.0
17031601300,13.0,0.0,0.0,1.0,0.1262401161684891,0.0,0.0,,292.0,92.0
17031720600,40.5,0.0,0.56,4.0,0.0,0.0,0.0,,481.0,86.0
17031710700,18.7,134.0,1.28,12.0,1.381265024487943,1.0,0.0,,812.0,139.0
17031700200,15.3,0.0,14.3,21.0,0.0,0.0,0.0,,876.0,115.0
17031690100,21.4,0.0,0.0,15.0,0.0,0.0,2.0,,283.0,37.0
17031672000,25.9,0.0,3.51,20.0,0.4876573330804787,0.0,2.0,,615.0,107.0
17031670400,25.9,0.0,0.0,7.0,0.5031759285738686,0.0,1.0,,226.0,50.0
17031671400,25.9,64.0,0.0,10.0,0.4950949573295118,0.0,2.0,,298.0,75.0
17031660800,18.5,0.0,0.38,8.0,0.0,0.0,1.0,,713.0,165.0
17031650200,10.7,0.0,0.0,15.0,0.7571282749269911,1.0,1.0,,1866.0,299.0
17031630800,14.6,0.0,0.0,15.0,0.0,1.0,0.0,,1064.0,235.0
17031611700,15.6,0.0,0.0,9.0,0.5051107806845083,0.0,1.0,,413.0,95.0
17031600900,13.0,0.0,0.21,8.0,0.0,0.0,0.0,,690.0,124.0
17031580700,12.0,0.0,0.0,7.0,1.0355530177483714,0.0,0.0,,1069.0,160.0
17031561200,12.0,0.0,0.0,4.0,0.0,0.0,0.0,,1013.0,402.0
17031560300,12.0,85.0,13.31,5.0,0.0,0.0,0.0,,545.0,120.0
17031550200,18.5,0.0,294.25,7.0,0.6192644454647576,0.0,1.0,,568.0,127.0
17031490700,22.3,0.0,4.61,4.0,0.0,0.0,0.0,,288.0,85.0
17031470100,23.7,0.0,12.21,20.0,0.1082706001578975,0.0,1.0,,717.0,47.0
17031440900,20.1,0.0,18.7,9.0,0.0,0.0,2.0,,403.0,65.0
17031440500,20.1,0.0,0.0,6.0,0.0,0.0,0.0,,372.0,46.0
17031410900,27.5,0.0,0.24,11.0,0.0,0.0,0.0,,590.0,89.0
17031420600,22.1,0.0,0.0,11.0,0.3768841250802248,1.0,0.0,,371.0,78.0
17031400700,21.9,78.0,0.0,5.0,0.0,0.0,0.0,,143.0,32.0
17031380500,16.9,181.0,6.73,7.0,0.1470142105024283,0.0,1.0,,16.0,0.0
17031382000,16.9,297.0,0.0,10.0,0.0,0.0,0.0,,428.0,142.0
17031350700,21.6,0.0,0.0,6.0,1.0145524011212883,1.0,1.0,,545.0,137.0
17031330100,13.8,698.0,125.13,42.0,2.1544570433519747,2.0,0.0,,6463.0,950.0
17031340400,13.1,0.0,0.0,8.0,0.223065793963151,0.0,0.0,,856.0,202.0
17031301900,14.9,0.0,23.93,12.0,0.2480251007006304,0.0,4.0,,1149.0,50.0
17031292500,17.7,120.0,0.0,17.0,1.126116706342991,0.0,2.0,,997.0,119.0
17031300900,14.9,0.0,0.0,6.0,1.0048427675154463,1.0,1.0,,1770.0,316.0
17031610200,15.6,0.0,0.0,13.0,0.0082305644177536,0.0,0.0,,1579.0,170.0
17031580500,12.0,0.0,0.0,22.0,0.7115288907725845,1.0,3.0,,2870.0,584.0
17031580800,12.0,0.0,0.0,5.0,0.2507679984070575,0.0,0.0,,951.0,128.0
17031590200,15.0,0.0,1.42,19.0,0.0,0.0,0.0,,1538.0,269.0
17031590400,15.0,0.0,0.0,13.0,0.1082503643414199,0.0,0.0,,481.0,108.0
17031570500,8.3,0.0,0.0,11.0,0.0,0.0,1.0,,667.0,74.0
17031580300,12.0,0.0,0.0,9.0,0.0222847733203906,0.0,1.0,,523.0,52.0
17031560100,12.0,0.0,0.0,7.0,0.0,0.0,0.0,,602.0,32.0
17031560600,12.0,0.0,0.0,12.0,0.0,0.0,0.0,,620.0,98.0
17031561100,12.0,0.0,15.96,17.0,0.0,0.0,2.0,,267.0,16.0
17031530600,26.0,0.0,0.0,18.0,0.6298308037568272,0.0,0.0,,444.0,74.0
17031550100,18.5,116.0,0.46,41.0,2.9174562144787144,1.0,1.0,,1782.0,365.0
17031520200,15.8,0.0,0.67,8.0,1.1393537861869278,0.0,0.0,,781.0,100.0
17031520500,15.8,0.0,0.0,13.0,1.2608605741266676,0.0,1.0,,236.0,21.0
17031500300,19.3,0.0,5.779999999999999,3.0,0.5133816413518356,0.0,1.0,,539.0,93.0
17031510300,14.1,86.0,146.29,49.0,0.0,1.0,1.0,,1412.0,301.0
17031510500,14.1,0.0,18.04,10.0,0.0,0.0,1.0,,503.0,147.0
17031490600,22.3,0.0,0.0,8.0,0.0,0.0,0.0,,422.0,70.0
17031490900,22.3,190.0,0.0,47.0,1.882659426962666,2.0,2.0,,1413.0,241.0
17031491100,22.3,0.0,12.33,14.0,0.5356527132858901,0.0,1.0,,952.0,133.0
17031491400,22.3,60.0,38.44,28.0,1.004971694345378,0.0,1.0,,1774.0,240.0
17031460700,19.3,0.0,0.0,12.0,0.0,1.0,0.0,,674.0,175.0
17031461000,19.3,141.0,0.0,23.0,1.2147120412495909,2.0,0.0,,1265.0,178.0
17031480100,20.4,0.0,18.42,16.0,0.00039519808656,0.0,0.0,,865.0,111.0
17031490100,22.3,0.0,0.0,2.0,0.0,0.0,0.0,,37.0,0.0
17031480500,20.4,0.0,3.15,21.0,2.273877635532841,0.0,0.0,,558.0,36.0
17031430900,23.1,0.0,3.03,8.0,0.0,0.0,1.0,,336.0,46.0
17031431200,23.1,0.0,0.0,13.0,0.0,1.0,0.0,,855.0,147.0
17031431400,23.1,87.0,111.47,20.0,0.9245028624995404,0.0,5.0,,649.0,105.0
17031440400,20.1,0.0,14.03,32.0,1.1726550253183934,0.0,3.0,,1776.0,390.0
17031420700,22.1,0.0,0.0,14.0,1.003044735931942,2.0,1.0,,1283.0,282.0
17031421000,22.1,33.0,0.42000000000000004,5.0,0.403056858626752,0.0,1.0,,81.0,14.0
17031421200,22.1,0.0,0.0,16.0,0.1248597574146372,0.0,0.0,,532.0,62.0
17031430500,23.1,0.0,1.14,7.0,0.0,0.0,0.0,,903.0,111.0
17031430800,23.1,0.0,0.0,6.0,0.0,0.0,1.0,,460.0,30.0
17031410800,27.5,38.0,1.29,6.0,0.2036113932296525,0.0,0.0,,2421.0,480.0
17031411100,27.5,0.0,0.0,6.0,0.2309504296219893,0.0,0.0,,431.0,108.0
17031420500,22.1,65.0,0.0,10.0,0.0,0.0,1.0,,232.0,30.0
17031390300,28.0,81.0,0.0,10.0,0.5025717476054758,0.0,1.0,,334.0,92.0
17031400100,21.9,35.0,0.0,17.0,0.7858542796826877,1.0,2.0,,478.0,129.0
17031400600,21.9,0.0,0.0,12.0,0.0,0.0,0.0,,303.0,37.0
17031410300,27.5,0.0,0.64,2.0,0.0,0.0,0.0,,52.0,0.0
17031410600,27.5,10.0,3.22,3.0,0.0003166416201006,0.0,0.0,,261.0,70.0
17031380100,16.9,116.0,11.19,9.0,0.6093410346836136,0.0,1.0,,442.0,61.0
17031380400,16.9,110.0,0.49,11.0,0.0002835743664687,1.0,0.0,,227.0,23.0
17031380900,16.9,0.0,0.16,6.0,0.3753969959191467,0.0,1.0,,169.0,16.0
17031381200,16.9,83.0,0.0,8.0,0.3765670518952411,1.0,0.0,,626.0,107.0
17031381400,16.9,107.0,0.0,8.0,0.2513645547803508,2.0,1.0,,695.0,118.0
17031390200,28.0,0.0,5.45,4.0,0.0,0.0,3.0,,482.0,57.0
17031340600,13.1,0.0,2.53,10.0,0.2582967450256998,1.0,1.0,,401.0,102.0
17031350300,21.6,0.0,0.0,12.0,0.2500674642043688,0.0,1.0,,520.0,5.0
17031350500,21.6,0.0,0.01,6.0,0.3075325423723013,0.0,1.0,,284.0,49.0
17031351000,21.6,0.0,665.8000000000001,15.0,0.7461029164005819,2.0,0.0,,729.0,128.0
17031351300,21.6,0.0,0.99,3.0,0.6760883502817887,0.0,3.0,,247.0,37.0
17031351500,21.6,278.0,3.96,5.0,0.0,0.0,0.0,,67.0,34.0
17031360200,18.0,610.0,9.86,7.0,0.2562917489124024,0.0,0.0,,40.0,0.0
17031360500,18.0,61.0,0.46,7.0,0.5526101777247536,1.0,0.0,,176.0,10.0
17031330300,13.8,0.0,5.01,4.0,0.0,0.0,1.0,,87.0,1.0
17031330500,13.8,127.0,0.0,9.0,0.126281992498133,0.0,0.0,,470.0,77.0
17031311300,10.6,0.0,3.2,17.0,1.1625593756946893,3.0,1.0,,2189.0,366.0
17031690600,21.4,0.0,0.0,16.0,0.0,0.0,0.0,,100.0,12.0
17031510400,14.1,0.0,445.32,11.0,2.388289325856137,0.0,0.0,,857.0,16.0
17031460600,19.3,0.0,0.0,6.0,0.0,0.0,2.0,,166.0,26.0
17031440700,20.1,0.0,0.0,7.0,0.0,0.0,0.0,,281.0,41.0
17031430200,23.1,154.0,0.0,19.0,0.5181635993565094,0.0,1.0,,571.0,100.0
17031420100,22.1,67.0,551.52,9.0,0.1331351854808406,0.0,1.0,,128.0,10.0
17031410200,27.5,0.0,0.0,4.0,0.0,0.0,0.0,,46.0,0.0
17031381000,16.9,172.0,9.29,6.0,0.0,1.0,1.0,,97.0,8.0
17031350200,21.6,134.0,21.91,7.0,0.8828830965054071,0.0,1.0,,48.0,0.0
17031360400,19.3,244.0,3.0900000000000003,7.0,0.2731418836641227,2.0,1.0,,110.0,0.0
17031320400,17.8,0.0,295.45,21.0,0.0122506087911018,0.0,0.0,,14522.0,1703.0
17031310800,10.6,97.0,0.0,8.0,0.6339195431041617,1.0,2.0,,2197.0,391.0
17031300600,14.9,0.0,1.36,10.0,0.7552047480797942,0.0,1.0,,710.0,110.0
17031290800,17.7,26.0,0.0,8.0,0.2022494121139201,0.0,1.0,,637.0,67.0
17031282500,14.6,52.0,0.0,6.0,0.3609367135939198,0.0,0.0,,180.0,54.0
17031283800,14.6,124.0,0.0,5.0,0.6035319394979547,0.0,1.0,,267.0,3.0
17031281600,14.6,62.0,0.0,11.0,1.365355998500796,1.0,1.0,,890.0,144.0
17031270900,18.4,0.0,0.0,4.0,0.5490129896846802,0.0,0.0,,116.0,24.0
17031260100,17.9,627.0,0.0,6.0,0.5051090940854895,0.0,0.0,,828.0,116.0
17031251500,19.0,118.0,8.0,11.0,0.1010729108857615,0.0,1.0,,816.0,175.0
17031243200,19.5,0.0,0.0,10.0,1.2518172326863526,2.0,0.0,,1435.0,235.0
17031241200,19.5,0.0,0.0,6.0,0.2513290670836829,0.0,2.0,,656.0,145.0
17031230400,16.5,16.0,1.27,6.0,0.0,0.0,0.0,,810.0,181.0
17031220900,19.9,44.0,4.91,9.0,1.0106573419145557,0.0,2.0,,1602.0,258.0
17031200600,17.0,0.0,0.0,2.0,0.1206891053928669,0.0,1.0,,305.0,16.0
17031190600,15.2,0.0,57.49,33.0,3.043641663907311,0.0,1.0,,1944.0,475.0
17031171000,18.8,0.0,18.7,23.0,0.0,0.0,0.0,,2254.0,395.0
17031170100,18.8,129.0,7.02,25.0,0.4022523120332401,1.0,0.0,,1014.0,157.0
17031130500,33.0,0.0,19.37,29.0,0.3533307580790392,2.0,2.0,,1712.0,487.0
17031110400,22.5,0.0,0.0,9.0,0.0986805586532756,0.0,0.0,,664.0,91.0
17031080800,17.8,333.0,8.73,5.0,0.1136574156122264,0.0,0.0,,131.0,41.0
17031072000,26.3,0.0,0.93,5.0,0.9819609748559552,1.0,0.0,,1965.0,255.0
17031070900,26.3,1.0,0.0,6.0,1.0912051633621525,0.0,0.0,,1990.0,309.0
17031061600,23.6,0.0,0.0,5.0,0.1286358633625148,0.0,0.0,,1462.0,350.0
17031050900,24.3,0.0,0.0,3.0,0.0,0.0,0.0,,427.0,97.0
17031040600,28.3,4.0,0.0,11.0,1.3255895553457708,1.0,0.0,,2503.0,559.0
17031031500,23.5,380.0,0.0,14.0,0.7971460871906484,2.0,1.0,,1264.0,256.0
17031740400,18.6,0.0,52.63,23.0,0.0,0.0,2.0,,679.0,61.0
17031820800,12.0,0.0,0.0,0.0,0.0,0.0,0.0,,0.0,0.0
17031720400,40.5,0.0,13.98,5.0,0.0,0.0,0.0,,630.0,104.0
17031720700,40.5,0.0,2.38,12.0,2.072131574730447,0.0,1.0,,611.0,50.0
17031740200,18.6,0.0,0.0,23.0,0.0,0.0,0.0,,782.0,209.0
17031730600,21.4,82.0,0.0,24.0,0.5226801666265982,0.0,0.0,,750.0,142.0
17031710400,18.7,0.0,0.0,15.0,0.5184848857289366,0.0,1.0,,892.0,128.0
17031710600,18.7,0.0,0.0,4.0,0.2508115414135585,0.0,1.0,,482.0,132.0
17031710900,18.7,115.0,5.99,14.0,1.743086921891918,0.0,0.0,,754.0,114.0
17031711100,18.7,0.0,25.2,10.0,0.5027087207183598,0.0,1.0,,678.0,108.0
17031691400,21.4,0.0,0.0,17.0,0.1267806291680277,0.0,0.0,,1651.0,296.0
17031700300,15.3,0.0,12.17,21.0,1.0050046581909509,1.0,2.0,,1595.0,281.0
17031710100,18.7,0.0,0.0,5.0,0.375877298182457,0.0,1.0,,350.0,73.0
17031690200,21.4,0.0,0.75,10.0,0.0,0.0,0.0,,222.0,36.0
17031690400,21.4,0.0,0.0,24.0,1.3642022641104226,0.0,1.0,,934.0,158.0
17031690700,21.4,0.0,0.0,0.0,0.131983921960752,0.0,0.0,,14.0,3.0
17031690900,21.4,0.0,0.0,14.0,0.9314653823693312,0.0,1.0,,1164.0,208.0
17031680800,24.7,57.0,0.52,5.0,0.0414815343543334,0.0,0.0,,134.0,23.0
17031671100,25.9,0.0,0.0,6.0,0.0,0.0,1.0,,174.0,11.0
17031660900,18.5,0.0,315.63,26.0,1.50378730471951,0.0,4.0,,1166.0,215.0
17031612200,15.6,0.0,4.42,10.0,0.5027029197381646,0.0,1.0,,373.0,99.0
17031611000,15.6,0.0,1.07,12.0,0.376915211189859,0.0,0.0,,598.0,71.0
17031601100,13.0,0.0,0.0,5.0,0.2473837161095257,0.0,0.0,,483.0,87.0
17031590300,15.0,0.0,2.38,8.0,0.1467749089062313,0.0,1.0,,655.0,120.0
17031580100,12.0,0.0,0.0,16.0,0.5037939994290204,0.0,3.0,,1060.0,164.0
17031530500,26.0,150.0,29.88,21.0,1.9919972991992607,0.0,3.0,,1749.0,210.0
17031320600,17.8,23.0,0.0,21.0,0.7381392422129593,1.0,0.0,,3481.0,694.0
17031301700,14.9,0.0,0.0,19.0,2.0188331088891256,0.0,3.0,,2147.0,455.0
17031302000,14.9,0.0,0.0,18.0,0.2502792777472882,0.0,0.0,,1020.0,117.0
17031310200,10.6,0.0,1.98,5.0,0.7477081350460899,0.0,1.0,,717.0,91.0
17031311200,10.6,0.0,0.0,3.0,0.1153136819208185,1.0,3.0,,487.0,89.0
17031310900,10.6,45.0,19.279999999999998,20.0,0.881874356103025,0.0,1.0,,1357.0,257.0
17031292200,17.7,0.0,0.18,12.0,1.5514718178091518,0.0,1.0,,252.0,57.0
17031292400,17.7,163.0,0.0,10.0,0.2523486593641892,1.0,2.0,,420.0,89.0
17031292700,17.7,0.0,0.0,2.0,0.0,0.0,0.0,,223.0,60.0
17031300500,14.9,0.0,0.0,6.0,0.2514109092079418,1.0,0.0,,1214.0,165.0
17031300700,14.9,10.0,0.49,9.0,0.8802063980214581,0.0,0.0,,1183.0,136.0
17031301000,14.9,0.0,0.0,4.0,0.4548439640550646,0.0,2.0,,697.0,129.0
17031284200,14.6,0.0,0.0,4.0,0.3796915459932756,0.0,0.0,,170.0,29.0
17031290200,17.7,180.0,0.0,4.0,0.0,0.0,0.0,,247.0,72.0
17031290400,17.7,0.0,0.0,7.0,0.2523252393393922,0.0,0.0,,368.0,111.0
17031290700,17.7,0.0,0.0,4.0,0.0,0.0,0.0,,286.0,77.0
17031291300,17.7,32.0,0.16,9.0,1.0030305198853875,1.0,0.0,,253.0,61.0
17031291500,17.7,218.0,0.0,11.0,0.7691016232495849,1.0,2.0,,448.0,44.0
17031292000,17.7,0.0,0.0,2.0,0.1261685782252853,0.0,0.0,,6.0,0.0
17031282100,14.6,0.0,0.0,11.0,0.3960726309172335,0.0,0.0,,372.0,60.0
17031283400,14.6,0.0,0.0,5.0,0.2149097112774414,0.0,0.0,,0.0,0.0
17031283700,14.6,0.0,0.0,5.0,0.2130048331855723,1.0,0.0,,333.0,91.0
17031283900,14.6,256.0,12.99,13.0,0.7880925546189529,0.0,3.0,,391.0,61.0
17031271900,18.4,0.0,4.48,6.0,0.4661505364448972,0.0,0.0,,200.0,22.0
17031280200,14.6,139.0,0.0,7.0,0.9608152288854678,0.0,0.0,,8298.0,1204.0
17031281200,14.6,0.0,0.0,2.0,0.1252671727242164,0.0,1.0,,50.0,2.0
17031281500,14.6,0.0,0.0,15.0,0.5512992708355554,1.0,0.0,,581.0,47.0
17031281700,14.6,85.0,6.25,13.0,0.5562648788619908,0.0,2.0,,1054.0,119.0
17031270200,18.4,113.0,0.63,9.0,0.8871710386214005,1.0,4.0,,999.0,89.0
17031270500,18.4,108.0,0.0,12.0,2.257646962845289,0.0,2.0,,158.0,18.0
17031270700,18.4,0.0,0.0,2.0,0.6329823692990509,0.0,0.0,,113.0,22.0
17031271200,18.4,0.0,3.22,11.0,0.5053788288935303,1.0,2.0,,466.0,137.0
17031271500,18.4,50.0,0.0,4.0,0.5015451097530299,0.0,0.0,,121.0,16.0
17031271700,18.4,0.0,0.0,6.0,0.2527828226585815,0.0,1.0,,186.0,44.0
17031251900,19.0,0.0,0.0,15.0,0.4206242690697637,1.0,1.0,,796.0,211.0
17031252100,19.0,225.0,140.73,49.0,1.9068723053157743,0.0,1.0,,1979.0,468.0
17031260300,17.9,0.0,1.14,2.0,0.5073007961923163,0.0,1.0,,465.0,48.0
17031260500,17.9,0.0,0.0,10.0,0.5110221988717495,0.0,1.0,,538.0,113.0
17031250200,19.0,0.0,0.37,9.0,0.4144686207354178,0.0,0.0,,870.0,100.0
17031250400,19.0,0.0,18.82,27.0,1.5327422980557517,1.0,1.0,,2197.0,264.0
17031251400,19.0,0.0,8.67,11.0,1.056015620178624,1.0,1.0,,620.0,101.0
17031242000,19.5,0.0,0.0,10.0,0.5736726861798918,0.0,1.0,,2051.0,511.0
17031242700,19.5,0.0,0.0,5.0,0.2661197787171405,0.0,0.0,,461.0,58.0
17031243000,19.5,0.0,0.34,11.0,0.505069766614393,0.0,0.0,,1172.0,139.0
17031243400,19.5,0.0,0.0,5.0,0.9331266783289875,2.0,2.0,,1552.0,415.0
17031243300,19.5,2.0,0.72,7.0,0.7555760831467999,0.0,2.0,,1516.0,204.0
17031250100,19.0,0.0,0.0,7.0,0.0,0.0,0.0,,559.0,68.0
17031240300,19.5,2.0,0.0,2.0,0.2572349315627388,0.0,0.0,,1378.0,276.0
17031240600,19.5,25.0,1.32,3.0,0.0,0.0,0.0,,530.0,69.0
17031240900,19.5,65.0,210.85,21.0,1.7767688556114254,0.0,0.0,,494.0,109.0
17031241100,19.5,3.0,0.17,10.0,0.2521446720312484,0.0,0.0,,1259.0,254.0
17031241700,19.5,0.0,0.32,4.0,0.5429892475171763,0.0,0.0,,710.0,88.0
17031222500,19.9,3.0,0.0,5.0,0.2519982129331182,0.0,1.0,,501.0,122.0
17031231600,16.5,157.0,1.93,11.0,0.7571542313693924,0.0,2.0,,354.0,38.0
17031230300,16.5,15.0,1.18,1.0,0.0,0.0,0.0,,288.0,34.0
17031230500,16.5,110.0,4.85,14.0,0.0,1.0,1.0,,1456.0,241.0
17031230800,16.5,209.0,0.0,3.0,0.1204257628543306,1.0,1.0,,410.0,25.0
17031231300,16.5,0.0,1.05,16.0,0.0,0.0,1.0,,3504.0,279.0
17031220500,19.9,22.0,0.0,8.0,0.8776178157998422,1.0,0.0,,2154.0,358.0
17031221000,19.9,3.0,0.0,3.0,0.505380613231262,0.0,0.0,,676.0,172.0
17031221200,19.9,54.0,8.09,5.0,0.7290035861026274,0.0,1.0,,493.0,109.0
17031221500,19.9,84.0,0.0,9.0,0.6152709363347619,0.0,0.0,,1327.0,261.0
17031221700,19.9,0.0,0.0,6.0,0.3462987082338395,0.0,1.0,,1151.0,137.0
17031200500,17.0,0.0,0.0,9.0,0.7666877228924218,1.0,1.0,,1307.0,246.0
17031210100,16.1,0.0,7.17,16.0,1.87600298453952,0.0,2.0,,2326.0,353.0
17031210400,16.1,14.0,0.0,9.0,0.0,0.0,0.0,,698.0,73.0
17031210600,16.1,25.0,0.0,23.0,1.6034599281469093,0.0,1.0,,2117.0,343.0
17031220300,19.9,0.0,1.78,7.0,0.503419199786621,0.0,1.0,,483.0,68.0
17031190200,15.2,70.0,0.31,14.0,0.5040598711299232,0.0,1.0,,1344.0,164.0
17031190500,15.2,0.0,0.0,19.0,0.0,1.0,0.0,,1438.0,325.0
17031190700,15.2,98.0,3.3,11.0,1.489334623142085,1.0,1.0,,1913.0,318.0
17031191200,15.2,0.0,0.0,21.0,0.7747838730288641,1.0,6.0,,779.0,134.0
17031200100,17.0,0.0,2.94,6.0,0.5038945160480297,0.0,1.0,,932.0,96.0
17031200300,17.0,0.0,0.0,10.0,0.0,0.0,0.0,,930.0,122.0
17031170700,18.8,0.0,14.04,8.0,0.0,0.0,0.0,,464.0,83.0
17031160700,24.8,0.0,14.81,12.0,1.006494959895526,0.0,1.0,,1385.0,273.0
17031161000,24.8,0.0,0.0,11.0,0.0,0.0,1.0,,579.0,121.0
17031161200,24.8,0.0,12.08,5.0,0.9865936473874004,0.0,1.0,,960.0,93.0
17031170200,18.8,0.0,9.45,17.0,0.5004068010124864,0.0,1.0,,850.0,56.0
17031150500,19.4,2.0,14.88,29.0,0.4421711464960682,1.0,1.0,,1197.0,173.0
17031150700,19.4,0.0,0.0,10.0,0.5035512069686813,0.0,1.0,,673.0,86.0
17031151000,19.4,0.0,0.33,18.0,1.2089428113567402,1.0,1.0,,2280.0,278.0
17031151200,19.4,0.0,0.0,18.0,1.0064624693664974,0.0,1.0,,1089.0,244.0
17031160500,24.8,51.0,0.0,15.0,1.7637531130495363,1.0,1.0,,2030.0,372.0
17031140100,23.8,0.0,0.0,7.0,0.5561807081950858,0.0,0.0,,691.0,193.0
17031140300,23.8,0.0,0.0,11.0,0.435510497407314,0.0,1.0,,1724.0,406.0
17031120200,44.2,0.0,9.62,19.0,0.0,1.0,1.0,,1787.0,225.0
17031130100,33.0,380.0,80.35,27.0,0.1811155814685597,0.0,3.0,,1972.0,368.0
17031130300,33.0,0.0,7.2,12.0,0.5155353882802577,0.0,0.0,,1336.0,203.0
17031110500,22.5,0.0,12.49,43.0,1.956604425272934,1.0,3.0,,2800.0,367.0
17031100500,22.9,0.0,19.689999999999998,12.0,0.0,1.0,1.0,,1098.0,133.0
17031100100,22.9,0.0,6.57,11.0,1.5667885344655277,0.0,1.0,,2194.0,278.0
17031100300,22.9,84.0,20.8,14.0,0.0,1.0,3.0,,575.0,34.0
17031080600,17.8,40.0,0.0,9.0,0.08976537748387,0.0,0.0,,4480.0,389.0
17031080400,17.8,274.0,0.0,7.0,0.2640089135292087,0.0,1.0,,1037.0,142.0
17031063000,23.6,4.0,0.55,11.0,0.3948940527445935,0.0,0.0,,2310.0,537.0
17031063300,23.6,173.0,0.0,13.0,0.0,0.0,0.0,,1935.0,475.0
17031070800,26.3,0.0,0.41,4.0,0.6862482907623799,0.0,0.0,,1985.0,442.0
17031071000,26.3,0.0,1.85,2.0,0.4996707192066548,0.0,1.0,,963.0,179.0
17031070600,26.3,0.0,4.64,5.0,0.1253800401411678,0.0,0.0,,1091.0,181.0
17031071100,26.3,0.0,0.0,9.0,0.5007385556564345,0.0,0.0,,2429.0,502.0
17031060900,23.6,0.0,0.0,21.0,0.2682646996604187,0.0,0.0,,1695.0,242.0
17031061400,23.6,13.0,0.0,2.0,0.0,0.0,0.0,,740.0,115.0
17031061700,23.6,0.0,0.0,4.0,0.0,0.0,0.0,,423.0,105.0
17031061900,19.3,0.0,0.0,15.0,0.5078445313817663,0.0,0.0,,1221.0,195.0
17031720300,40.5,0.0,0.0,9.0,0.0,1.0,1.0,,1294.0,184.0
17031671800,25.9,0.0,0.0,3.0,0.4945591484702921,0.0,0.0,,189.0,26.0
17031620300,12.7,0.0,13.2,16.0,0.0,0.0,3.0,,927.0,182.0
17031600100,13.0,0.0,0.0,2.0,0.4831137336907176,0.0,0.0,,374.0,63.0
17031540100,24.7,333.0,25.17,23.0,0.0466603465891662,2.0,5.0,,959.0,116.0
17031431000,23.1,0.0,0.49,13.0,0.4901120107611432,0.0,0.0,,428.0,56.0
17031390500,28.0,122.0,0.0,4.0,0.0,1.0,0.0,,93.0,0.0
17031381300,16.9,0.0,0.0,2.0,0.0,0.0,0.0,,177.0,30.0
17031360100,18.0,0.0,0.0,0.0,0.0,0.0,0.0,,21.0,0.0
17031310100,10.6,0.0,0.0,4.0,0.5789321224174087,0.0,0.0,,1793.0,97.0
17031301100,14.9,0.0,0.0,6.0,0.2971470530045196,0.0,2.0,,407.0,73.0
17031280800,14.6,191.0,2.21,8.0,0.2617200995495062,0.0,1.0,,200.0,39.0
17031271400,18.4,36.0,0.0,10.0,0.7557894034219967,0.0,0.0,,386.0,64.0
17031250600,19.0,0.0,0.0,15.0,0.999391215321194,0.0,1.0,,985.0,192.0
17031231800,16.5,0.0,0.0,4.0,0.494980947730936,0.0,0.0,,248.0,15.0
17031222100,19.9,0.0,0.0,2.0,0.1276052296183786,0.0,0.0,,449.0,111.0
17031191100,15.2,17.0,6.88,23.0,0.8507223309488245,0.0,1.0,,2421.0,316.0
17031120300,44.2,0.0,16.48,20.0,0.0,0.0,1.0,,1833.0,188.0
17031070400,26.3,0.0,3.27,4.0,0.3546410355422579,1.0,0.0,,1353.0,218.0
17031711400,18.7,0.0,0.0,15.0,0.7712836780010734,0.0,2.0,,1275.0,206.0
17031560400,12.0,56.0,0.0,6.0,0.0,0.0,1.0,,518.0,96.0
17031440800,20.1,0.0,0.0,9.0,0.1437948149794553,0.0,0.0,,347.0,54.0
17031410100,27.5,36.0,25.4,10.0,0.0,0.0,0.0,,738.0,120.0
17031291800,17.7,0.0,0.0,8.0,0.5710538077798111,0.0,1.0,,232.0,57.0
17031280500,14.6,92.0,2.13,5.0,0.5054624869805956,3.0,1.0,,2458.0,191.0
17031231000,16.5,69.0,0.08,21.0,0.3775919106503679,1.0,1.0,,1054.0,205.0
17031090100,23.4,0.0,0.0,0.0,0.0,0.0,2.0,,858.0,144.0
17031730100,21.4,0.0,13.96,7.0,0.0,0.0,1.0,,281.0,47.0
17031730700,21.4,0.0,12.32,15.0,1.0958729084622043,0.0,3.0,,597.0,130.0
17031700500,15.3,85.0,20.63,28.0,0.0,0.0,2.0,,1551.0,242.0
17031690300,21.4,24.0,0.0,21.0,0.6612104715334097,0.0,0.0,,335.0,92.0
17031691000,21.4,0.0,3.1,18.0,1.0737091111400208,1.0,1.0,,1151.0,355.0
17031680100,24.7,0.0,5.75,12.0,0.0,0.0,0.0,,222.0,41.0
17031681000,24.7,181.0,0.0,11.0,0.0,2.0,1.0,,756.0,172.0
17031670300,25.9,0.0,4.36,7.0,0.0,0.0,0.0,,378.0,127.0
17031670900,25.9,0.0,0.0,9.0,0.0,0.0,1.0,,213.0,35.0
17031671600,25.9,89.0,0.0,9.0,0.2512971422758827,0.0,0.0,,472.0,101.0
17031660500,18.5,102.0,0.0,11.0,0.5068254616894958,0.0,1.0,,731.0,202.0
17031640200,8.8,0.0,0.0,12.0,0.0,0.0,0.0,,103.0,0.0
17031650100,10.7,0.0,0.0,11.0,0.5199435531280687,1.0,1.0,,879.0,197.0
17031630100,14.6,0.0,0.96,7.0,0.0,0.0,1.0,,377.0,56.0
17031630600,14.6,0.0,0.0,6.0,0.0,0.0,0.0,,515.0,9.0
17031610800,15.6,0.0,0.0,2.0,0.0,0.0,0.0,,274.0,36.0
17031611200,15.6,0.0,0.22,8.0,0.0,0.0,2.0,,995.0,136.0
17031601400,13.0,0.0,3.54,11.0,0.0,0.0,0.0,,1803.0,135.0
17031580600,12.0,0.0,7.28,11.0,0.0935888146159474,0.0,2.0,,956.0,137.0
17031590100,15.0,0.0,0.0,6.0,0.0,0.0,0.0,,663.0,112.0
17031600200,13.0,0.0,0.2,5.0,0.1674214299602034,0.0,1.0,,330.0,56.0
17031570400,8.3,0.0,9.03,15.0,0.0,0.0,1.0,,900.0,140.0
17031560200,12.0,0.0,12.56,4.0,0.0,0.0,1.0,,281.0,49.0
17031561000,12.0,87.0,0.0,17.0,0.0,0.0,0.0,,1554.0,325.0
17031520100,15.8,0.0,181.29,12.0,1.8150501416688776,0.0,1.0,,767.0,174.0
17031530200,26.0,0.0,0.36511340773,20.0,0.9966787607012428,1.0,0.0,,669.0,177.0
17031510200,14.1,0.0,4.24,29.0,0.2420548086622371,0.0,0.0,,587.0,86.0
17031490500,22.3,0.0,25.0,30.0,1.484200084484471,1.0,1.0,,246.0,48.0
17031460300,19.3,23.0,0.0,13.0,0.4394420548882043,1.0,2.0,,1010.0,222.0
17031480400,20.4,134.0,0.0,31.0,0.9961041375459042,0.0,4.0,,745.0,79.0
17031450200,22.0,0.0,28.400000000000002,20.0,0.6463163783326716,1.0,2.0,,1396.0,243.0
17031431300,23.1,84.0,0.0,15.0,0.0,1.0,1.0,,1386.0,258.0
17031440200,20.1,90.0,6.7,27.0,0.5021609822890309,1.0,2.0,,2722.0,455.0
17031430100,23.1,55.0,72.14,23.0,0.4211546950316069,1.0,1.0,,1335.0,195.0
17031430700,23.1,0.0,0.0,12.0,0.1909850008798666,0.0,0.0,,481.0,74.0
17031411200,27.5,0.0,1.03,10.0,0.2486602116702184,0.0,1.0,,450.0,135.0
17031420400,22.1,167.0,2.37,13.0,0.0,1.0,0.0,,319.0,52.0
17031400200,21.9,0.0,0.0,8.0,0.0,0.0,0.0,,51.0,20.0
17031380200,16.9,357.0,0.0,4.0,0.4083723669204392,0.0,0.0,,321.0,63.0
17031381600,16.9,0.0,0.0,4.0,0.0,0.0,0.0,,2.0,0.0
17031340500,13.1,0.0,9.05,9.0,0.515951197977341,0.0,0.0,,519.0,93.0
17031350600,21.6,2.0,0.0,14.0,0.5005039916779024,0.0,0.0,,457.0,149.0
17031351400,21.6,173.0,0.0,8.0,0.2516958895865386,4.0,1.0,,408.0,62.0
17031370100,12.3,0.0,0.0,12.0,0.3544332006064723,0.0,0.0,,545.0,112.0
17031340100,13.1,0.0,0.0,10.0,0.8774409407070682,1.0,0.0,,2019.0,751.0
17031311500,10.6,0.0,0.0,11.0,0.4652214647876119,0.0,0.0,,1167.0,30.0
17031301600,14.9,29.0,0.22,3.0,1.2622008856584912,0.0,0.0,,1137.0,245.0
17031310400,10.6,0.0,0.0,2.0,0.0848382337329172,0.0,1.0,,601.0,51.0
17031311100,10.6,0.0,0.0,4.0,0.0,0.0,0.0,,349.0,21.0
17031300100,14.9,0.0,0.0,4.0,0.2336332039475821,0.0,1.0,,944.0,167.0
17031300800,14.9,0.0,0.0,9.0,0.2513652080090037,0.0,1.0,,1515.0,213.0
17031290500,17.7,322.0,7.27,3.0,0.3407145652939091,0.0,2.0,,286.0,47.0
17031291100,17.7,32.0,0.16,10.0,1.1437347805922935,0.0,2.0,,710.0,217.0
17031291700,17.7,2.0,0.0,5.0,0.3082650828674494,0.0,0.0,,85.0,11.0
17031282700,14.6,0.0,0.0,11.0,0.0,0.0,2.0,,603.0,95.0
17031080900,17.8,116.0,0.0,4.0,0.3809236529605135,0.0,1.0,,513.0,82.0
17031283300,14.6,0.0,0.0,7.0,0.2905697029116122,1.0,0.0,,287.0,108.0
17031284000,14.6,0.0,0.0,3.0,0.2567914280848472,0.0,1.0,,542.0,100.0
17031280400,14.6,250.0,1.757,5.0,1.2748449704175495,0.0,1.0,,1396.0,71.0
17031281400,14.6,15.0,0.0,2.0,0.2517600746983233,0.0,0.0,,206.0,19.0
17031260800,17.9,0.0,0.0,11.0,0.2536668344345265,1.0,1.0,,901.0,162.0
17031270400,18.4,0.0,176.35,5.0,1.000916003619551,0.0,1.0,,225.0,55.0
17031271100,18.4,271.0,0.0,12.0,0.2535627541272248,0.0,1.0,,427.0,95.0
17031251800,19.0,0.0,0.25,16.0,2.552686522125044,4.0,1.0,,1754.0,205.0
17031250300,19.0,0.0,0.0,9.0,0.5320261448592644,0.0,0.0,,786.0,100.0
17031250500,19.0,0.0,13.47,23.0,0.0,0.0,1.0,,1872.0,334.0
17031251300,19.0,0.0,0.0,18.0,0.5003550717346067,0.0,1.0,,973.0,244.0
17031242300,19.5,0.0,0.0,9.0,0.5040218538780428,0.0,1.0,,1542.0,274.0
17031242900,19.5,0.0,0.0,8.0,0.5047028105186009,0.0,1.0,,1402.0,119.0
17031231700,16.5,176.0,0.16,18.0,1.3918125147712987,1.0,2.0,,796.0,100.0
17031240700,19.5,77.0,0.0,4.0,0.2546907258623125,3.0,1.0,,307.0,49.0
17031241300,19.5,0.0,0.0,1.0,0.1258252024575105,0.0,0.0,,425.0,76.0
17031222400,19.9,6.0,0.0,4.0,0.4996732091580037,0.0,0.0,,229.0,20.0
17031230100,16.5,0.0,0.0,2.0,0.2540800342199504,1.0,0.0,,210.0,26.0
17031231100,16.5,0.0,0.39,5.0,0.1254155887817231,0.0,0.0,,180.0,46.0
17031220600,19.9,100.0,1.44,25.0,1.8784510581965523,0.0,0.0,,2474.0,468.0
17031221900,19.9,0.0,3.46,10.0,0.8069802601718896,0.0,0.0,,601.0,56.0
17031210200,16.1,0.0,1.31,16.0,0.0914623887078989,0.0,0.0,,1808.0,266.0
17031210800,16.1,5.0,0.16,5.0,0.162721637533925,1.0,1.0,,615.0,126.0
17031190400,15.2,0.0,0.0,34.0,1.0101630113236362,0.0,3.0,,3233.0,555.0
17031191300,15.2,86.0,0.4,38.0,1.771945599385515,0.0,2.0,,3670.0,506.0
17031170600,18.8,0.0,0.0,7.0,0.0,0.0,0.0,,146.0,0.0
17031180200,18.6,2.0,0.0,15.0,0.0,0.0,0.0,,1761.0,314.0
17031160900,24.8,0.0,8.82,14.0,0.095876736330756,0.0,1.0,,947.0,134.0
17031150400,19.4,0.0,0.0,40.0,0.504418268356956,0.0,2.0,,2477.0,515.0
17031151100,19.4,0.0,9.28,13.0,1.52204915231874,1.0,0.0,,1527.0,236.0
17031130400,33.0,0.0,0.0,4.0,0.6807504722437488,0.0,1.0,,267.0,57.0
17031120100,44.2,0.0,10.4,43.0,0.0,0.0,1.0,,596.0,66.0
17031090300,23.4,0.0,11.36,1.0,0.0,0.0,0.0,,755.0,49.0
17031081000,17.8,148.0,2.84,24.0,1.2333905640147722,0.0,1.0,,2444.0,473.0
17031081800,17.8,64.0,6.07,21.0,0.6427815697428566,0.0,0.0,,17329.0,1413.0
17031071900,26.3,0.0,0.63,9.0,0.5149836047308635,0.0,0.0,,1909.0,285.0
17031080300,17.8,191.0,0.0,13.0,0.5045209391973122,1.0,1.0,,3834.0,826.0
17031063400,23.6,0.0,0.0,8.0,0.5450906568020457,0.0,0.0,,2469.0,528.0
17031070700,26.3,92.0,0.25,12.0,0.9635624442825692,0.0,1.0,,1633.0,281.0
17031061100,23.6,2.0,0.0,5.0,0.2733132691320734,0.0,0.0,,1761.0,346.0
17031061800,23.6,0.0,0.0,6.0,0.1279888436441744,0.0,0.0,,489.0,145.0
17031062500,23.6,2.0,0.0,2.0,0.7760941975777087,1.0,0.0,,1484.0,324.0
17031730400,21.4,0.0,9.99,31.0,1.1582669534151309,0.0,4.0,,633.0,144.0
17031691200,21.4,0.0,7.1000000000000005,24.0,0.529342212660356,2.0,1.0,,825.0,139.0
17031680900,24.7,140.0,0.25,15.0,0.500444183705269,3.0,3.0,,809.0,255.0
17031671000,25.9,0.0,57.04,6.0,0.0,0.0,0.0,,71.0,4.0
17031660600,18.5,0.0,0.0,13.0,1.007613359871794,2.0,0.0,,1736.0,353.0
17031640800,8.8,0.0,0.0,9.0,0.0,0.0,0.0,,402.0,145.0
17031630400,14.6,0.0,0.0,17.0,0.0,0.0,0.0,,1163.0,280.0
17031611600,15.6,0.0,1.26,11.0,0.0,0.0,0.0,,247.0,45.0
17031601000,13.0,0.0,0.07,6.0,0.2517040697896874,0.0,0.0,,742.0,225.0
17031581000,12.0,0.0,0.0,10.0,0.0,0.0,0.0,,802.0,109.0
17031570300,8.3,0.0,14.09,13.0,0.0,1.0,1.0,,1877.0,463.0
17031560900,12.0,0.0,4.85,8.0,0.0,0.0,1.0,,1458.0,307.0
17031490400,22.3,0.0,0.11,8.0,0.0,0.0,0.0,,232.0,54.0
17031460500,19.3,0.0,0.48,28.0,0.4906993442408152,1.0,1.0,,1253.0,138.0
17031450100,22.0,102.0,0.0,10.0,0.5193549449293727,0.0,0.0,,364.0,87.0
17031440100,20.1,72.0,0.0,16.0,0.3700658602764783,1.0,1.0,,2010.0,438.0
17031430300,23.1,64.0,0.5,12.0,0.2083064846766801,0.0,1.0,,575.0,113.0
17031420200,22.1,101.0,0.5700000000000001,11.0,0.0,0.0,1.0,,228.0,39.0
17031400400,21.9,84.0,0.72,7.0,0.0228889620064705,0.0,0.0,,382.0,84.0
17031680600,24.7,0.0,0.28,8.0,0.0005486400695239,0.0,0.0,,436.0,104.0
17031490200,22.3,0.0,0.0,11.0,0.0,1.0,1.0,,367.0,97.0
17031351100,21.6,36.0,0.0,5.0,0.024509785703821,0.0,2.0,,137.0,11.0
17031252000,19.0,240.0,0.0,15.0,0.4829584400113103,0.0,2.0,,794.0,135.0
17031231500,16.5,158.0,0.8,14.0,0.390311229312638,1.0,2.0,,1099.0,260.0
17031070300,26.3,0.0,0.58,8.0,0.354368452180248,0.0,0.0,,2725.0,633.0
17031020900,26.0,89.0,2.96,15.0,0.7657704748716767,0.0,1.0,,2017.0,496.0
17031252400,19.0,0.0,0.0,15.0,0.5043380533129254,0.0,2.0,,1400.0,166.0
17031530100,26.0,42.0,4.88,16.0,1.0525368198397482,0.0,2.0,,780.0,184.0
17031222700,19.9,21.0,0.0,7.0,0.3379791951474468,0.0,0.0,,726.0,200.0
17031500200,19.3,210.0,0.23,22.0,2.2363848998990377,0.0,3.0,,825.0,94.0
17031390600,28.0,0.0,7.08,5.0,0.0,0.0,1.0,,182.0,9.0
17031010400,27.4,0.0,46.7,9.0,0.112315015673822,0.0,0.0,,809.0,248.0
17031242200,19.5,4.0,1.67,6.0,1.005365010728467,0.0,1.0,,1306.0,229.0
17031680300,24.7,0.0,0.24,10.0,0.5023086662030379,0.0,0.0,,289.0,31.0
17031612000,15.6,0.0,0.0,9.0,0.1453834164222514,0.0,1.0,,115.0,26.0
17031400800,21.9,179.0,0.0,18.0,0.0,0.0,1.0,,354.0,71.0
17031710300,18.7,0.0,0.0,4.0,0.0,0.0,0.0,,289.0,58.0
