census_tract,Tree_Canopy,Affordable_Housing,Parks,Transit_Stop,Bike_Miles,Wifi_Hotspots,School_Density,Library_Count,Small_Business,Grocery_Store
17031720500,40.5,0.0,5.69,9.0,0.0,1.0,3.0,2.0,176.0,14.0
17031730200,21.4,64.0,9.26,19.0,3.777413222953777,3.0,12.0,3.0,387.0,45.0
17031730300,21.4,0.0,0.0,5.0,1.523678358161246,2.0,5.0,2.0,124.0,23.0
17031740100,18.6,0.0,0.0,20.0,0.0,1.0,3.0,1.0,200.0,32.0
17031710500,18.7,0.0,16.56,18.0,2.75916340272762,1.0,6.0,2.0,266.0,60.0
17031711200,18.7,72.0,9.19,17.0,4.256169089904896,1.0,6.0,3.0,191.0,30.0
17031711300,18.7,0.0,0.96,6.0,1.255023856950929,1.0,2.0,2.0,119.0,33.0
17031720200,40.5,0.0,17.73,14.0,4.456073952182153,2.0,9.0,3.0,329.0,39.0
17031700400,15.3,0.0,14.4,35.0,0.0,4.0,10.0,2.0,651.0,108.0
17031710200,18.7,0.0,6.84,13.0,1.2762648424735916,9.0,7.0,1.0,125.0,27.0
17031681400,24.7,0.0,0.0,12.0,0.9891237874870084,4.0,8.0,1.0,106.0,21.0
17031690800,21.4,0.0,2.97,23.0,2.878499636535385,2.0,7.0,4.0,111.0,10.0
17031691100,21.4,0.0,2.99,21.0,1.4338735572023311,4.0,6.0,2.0,156.0,27.0
17031691300,21.4,0.0,0.0,17.0,0.4986872955468101,2.0,5.0,2.0,230.0,38.0
17031680500,24.7,0.0,1.94,8.0,0.0,1.0,6.0,3.0,43.0,11.0
17031681200,24.7,69.0,3.12,17.0,1.9666580959005973,4.0,11.0,2.0,155.0,47.0
17031670100,25.9,0.0,0.3,9.0,0.0,1.0,5.0,3.0,49.0,5.0
17031670600,25.9,0.0,0.0,7.0,0.935847068265914,1.0,8.0,2.0,61.0,9.0
17031670800,25.9,0.0,0.0,4.0,0.5075864357155586,1.0,5.0,2.0,124.0,19.0
17031671300,25.9,0.0,0.24,8.0,1.6868792118649023,1.0,7.0,1.0,74.0,16.0
17031650500,10.7,89.0,12.75,23.0,0.0,3.0,5.0,2.0,831.0,108.0
17031660200,18.5,146.0,0.0,14.0,1.0040920640012043,6.0,8.0,3.0,336.0,56.0
17031660700,18.5,0.0,0.48,8.0,1.5330472491138245,4.0,11.0,1.0,126.0,13.0
17031640400,8.8,0.0,8.32,15.0,0.0,1.0,5.0,2.0,207.0,12.0
17031640600,8.8,0.0,0.0,21.0,0.0,1.0,3.0,1.0,190.0,19.0
17031640700,8.8,0.0,4.82,20.0,0.0,0.0,2.0,1.0,104.0,17.0
17031650400,10.7,0.0,0.0,13.0,0.2380686363838402,2.0,6.0,3.0,168.0,26.0
17031630200,14.6,0.0,0.0,11.0,0.1067408934491643,2.0,13.0,3.0,145.0,26.0
17031630300,14.6,0.0,0.0,11.0,0.0,2.0,12.0,4.0,344.0,45.0
17031630500,14.6,0.0,0.0,15.0,0.0,2.0,8.0,3.0,227.0,33.0
17031610500,15.6,0.0,0.0,3.0,0.0,2.0,7.0,3.0,85.0,15.0
17031610600,15.6,0.0,0.0,12.0,1.5489347215550386,1.0,5.0,3.0,116.0,4.0
17031611100,15.6,0.0,1.07,8.0,0.629182256426346,2.0,7.0,3.0,68.0,13.0
17031611500,15.6,115.0,0.0,14.0,0.2493525292154421,2.0,11.0,2.0,179.0,12.0
17031611900,15.6,0.0,57.69,16.0,0.3770621397462115,1.0,11.0,2.0,148.0,27.0
17031600700,13.0,55.0,4.8,9.0,0.550396308220149,1.0,3.0,3.0,179.0,21.0
17031601200,13.0,0.0,0.0,3.0,0.0434378651609629,1.0,4.0,3.0,34.0,0.0
17031601600,13.0,0.0,0.0,3.0,0.2879408469166681,3.0,3.0,4.0,47.0,6.0
17031610100,15.6,0.0,4.93,21.0,0.7552290396762914,2.0,5.0,4.0,138.0,5.0
17031610300,15.6,10.0,8.91,14.0,1.0104425207691368,4.0,17.0,3.0,3112.0,87.0
17031581100,12.0,0.0,17.6,10.0,0.3732705487327076,3.0,13.0,3.0,259.0,20.0
17031590500,15.0,0.0,72.09,19.0,0.8213706619896605,2.0,7.0,1.0,145.0,26.0
17031590600,15.0,0.0,0.0,3.0,0.7515010601714944,2.0,5.0,1.0,75.0,8.0
17031570100,8.3,0.0,0.53,13.0,0.0,2.0,9.0,2.0,140.0,28.0
17031570200,8.3,0.0,0.49,14.0,0.0,2.0,8.0,1.0,374.0,34.0
17031580200,12.0,0.0,0.94,23.0,1.0102396652817007,0.0,6.0,1.0,176.0,21.0
17031560500,12.0,0.0,0.0,10.0,0.0,0.0,1.0,1.0,98.0,13.0
17031560700,12.0,0.0,0.0,12.0,0.0,1.0,1.0,1.0,190.0,25.0
17031560800,12.0,0.0,0.0,23.0,0.0,3.0,4.0,1.0,302.0,38.0
17031530400,26.0,0.0,5.5,14.0,2.174371638655243,3.0,6.0,1.0,87.0,7.0
17031520300,15.8,0.0,4.6499999999999995,14.0,1.022493148742278,2.0,3.0,0.0,220.0,51.0
17031520400,15.8,0.0,7.68,15.0,1.74192666211349,2.0,3.0,0.0,235.0,51.0
17031530300,26.0,70.0,42.1,19.0,2.3861055252031,3.0,8.0,2.0,176.0,12.0
17031510100,14.1,0.0,5.05,22.0,0.9293353925079688,4.0,4.0,2.0,183.0,31.0
17031490300,22.3,0.0,0.0,11.0,0.5001550302066,2.0,6.0,0.0,116.0,21.0
17031490800,22.3,0.0,0.0,25.0,2.26011031440078,2.0,9.0,2.0,185.0,42.0
17031491200,22.3,0.0,0.0,13.0,0.8126809989258377,1.0,6.0,2.0,139.0,22.0
17031460400,19.3,0.0,2.95,3.0,0.7263775750285666,0.0,9.0,2.0,143.0,14.0
17031460800,19.3,0.0,15.47,4.0,1.1708277916194296,6.0,4.0,1.0,25.0,0.0
17031480200,20.4,0.0,0.0,6.0,0.0,0.0,5.0,1.0,124.0,49.0
17031480300,20.4,0.0,0.0,5.0,0.0,0.0,6.0,1.0,87.0,10.0
17031440600,20.1,0.0,0.0,13.0,0.0,2.0,7.0,0.0,81.0,6.0
17031460200,19.3,0.0,10.05,7.0,1.6747612126024392,4.0,9.0,1.0,85.0,5.0
17031431100,23.1,0.0,10.66,19.0,0.9804495012283404,3.0,7.0,3.0,260.0,50.0
17031440300,20.1,0.0,6.15,26.0,0.5800281153506088,3.0,6.0,1.0,290.0,39.0
17031420800,22.1,108.0,0.8300000000000001,10.0,0.5012832435786588,4.0,5.0,2.0,159.0,16.0
17031421100,22.1,117.0,0.0,31.0,4.662522773968471,1.0,8.0,3.0,65.0,15.0
17031430400,23.1,0.0,0.0,11.0,2.240009156806137,1.0,7.0,2.0,213.0,36.0
17031430600,23.1,0.0,0.0,7.0,1.2928508992117431,3.0,5.0,1.0,225.0,48.0
17031411000,27.5,0.0,0.0,14.0,5.65571850474715,0.0,5.0,1.0,201.0,34.0
17031411400,27.5,0.0,0.0,12.0,0.7438548588988922,3.0,4.0,2.0,113.0,50.0
17031420300,22.1,64.0,0.0,10.0,0.0,3.0,6.0,1.0,63.0,6.0
17031390400,28.0,252.0,3.96,8.0,0.7789900693922489,3.0,10.0,2.0,85.0,2.0
17031390700,28.0,0.0,0.0,17.0,2.3654033398941072,2.0,6.0,1.0,182.0,10.0
17031400300,21.9,85.0,350.49,29.0,1.8623372278769117,4.0,11.0,2.0,93.0,8.0
17031410400,27.5,0.0,0.0,4.0,0.2766592219168977,0.0,5.0,2.0,28.0,2.0
17031410500,27.5,0.0,0.57,7.0,0.8950414526509867,0.0,6.0,2.0,59.0,1.0
17031370400,12.3,0.0,0.61,13.0,0.0,2.0,7.0,2.0,146.0,30.0
17031380300,16.9,142.0,0.24,14.0,2.258149814056044,7.0,8.0,3.0,114.0,20.0
17031380700,16.9,199.0,0.0,4.0,1.5648667770174454,4.0,6.0,3.0,96.0,18.0
17031381500,16.9,239.0,0.0,3.0,1.1419828734332362,3.0,4.0,2.0,106.0,16.0
17031381800,16.9,96.0,0.75,9.0,1.4976739833465125,4.0,6.0,1.0,134.0,17.0
17031390100,28.0,0.0,0.31,3.0,1.746030318843183,6.0,7.0,1.0,105.0,16.0
17031350100,21.6,0.0,0.0,6.0,3.4831612223536124,1.0,4.0,3.0,70.0,1.0
17031350400,21.6,0.0,6.75,5.0,1.036274159662314,4.0,9.0,4.0,33.0,6.0
17031350900,21.6,0.0,0.0,2.0,2.480062526143448,3.0,7.0,2.0,11.0,0.0
17031370300,12.3,100.0,0.0,9.0,0.0,2.0,7.0,2.0,38.0,9.0
17031360300,19.3,148.0,0.28,4.0,2.441444876355261,5.0,4.0,2.0,27.0,0.0
17031330200,13.8,648.0,21.21,18.0,4.855190330493678,7.0,6.0,2.0,178.0,19.0
17031330400,13.8,0.0,0.0,13.0,1.632237708122119,5.0,9.0,2.0,283.0,34.0
17031340200,13.1,147.0,0.45,22.0,2.312675143156277,5.0,12.0,2.0,765.0,172.0
17031311400,10.6,0.0,7.630000000000001,31.0,1.9168033484166644,9.0,13.0,2.0,619.0,45.0
17031320500,17.8,0.0,4.74,44.0,5.8961253536797,12.0,3.0,3.0,4899.0,580.0
17031301800,14.9,0.0,0.0,24.0,3.515543157572618,4.0,11.0,1.0,871.0,126.0
17031310300,10.6,65.0,0.71,10.0,0.0871398909854058,4.0,6.0,3.0,342.0,24.0
17031310600,10.6,140.0,0.72,17.0,1.2270349587785865,6.0,13.0,2.0,923.0,136.0
17031310700,10.6,0.0,0.0,6.0,1.0642338749758746,4.0,11.0,2.0,242.0,61.0
17031311000,10.6,5.0,0.0,12.0,1.128040095624524,5.0,10.0,1.0,315.0,52.0
17031292600,17.7,0.0,0.0,9.0,1.3117369164037376,4.0,6.0,1.0,266.0,13.0
17031300300,14.9,0.0,0.0,4.0,1.3769794580148362,3.0,13.0,2.0,160.0,19.0
17031300400,14.9,0.0,0.2,3.0,0.3168211388933533,1.0,10.0,3.0,53.0,3.0
17031301300,14.9,0.0,0.0,22.0,3.140384076440741,6.0,15.0,2.0,605.0,9.0
17031301400,14.9,0.0,22.77,5.0,1.5705755182682728,2.0,9.0,1.0,445.0,24.0
17031284300,14.6,0.0,0.0,4.0,0.1761772235107497,2.0,6.0,0.0,142.0,11.0
17031290600,17.7,0.0,0.0,3.0,1.3891658710877972,1.0,9.0,2.0,20.0,1.0
17031290900,17.7,32.0,9.530000000000001,15.0,1.821326476374175,0.0,12.0,2.0,229.0,36.0
17031291900,17.7,0.0,0.0,3.0,0.5997708395565982,2.0,9.0,2.0,10.0,1.0
17031291200,17.7,0.0,3.83,12.0,2.0233746805392028,2.0,13.0,2.0,50.0,12.0
17031291600,17.7,0.0,0.0,3.0,0.4709868694204016,2.0,9.0,2.0,44.0,2.0
17031292100,17.7,0.0,0.08,3.0,0.2226599211512489,2.0,9.0,3.0,26.0,0.0
17031282800,14.6,0.0,1.04,6.0,0.0,2.0,10.0,1.0,182.0,34.0
17031283200,14.6,189.0,7.07,8.0,1.07636272981876,2.0,10.0,3.0,160.0,33.0
17031283500,14.6,0.0,0.0,12.0,4.106064094666213,5.0,3.0,5.0,246.0,27.0
17031283600,14.6,0.0,0.0,6.0,2.7645029987664884,7.0,8.0,4.0,241.0,55.0
17031280100,14.6,61.0,1.31,22.0,5.146946118318547,3.0,0.0,2.0,1717.0,297.0
17031280600,14.6,0.0,0.0,2.0,2.2113348118491123,5.0,7.0,2.0,69.0,0.0
17031280900,14.6,8.0,0.0,7.0,1.5006096131441184,5.0,8.0,1.0,78.0,20.0
17031281100,14.6,0.0,0.0,1.0,1.192084897384296,4.0,7.0,1.0,17.0,0.0
17031281800,14.6,82.0,2.71,14.0,3.983686703564554,2.0,4.0,2.0,1071.0,94.0
17031281900,14.6,0.0,1.11,20.0,5.174379296645258,5.0,1.0,3.0,1409.0,181.0
17031260900,17.9,0.0,1.33,4.0,1.353439490418001,1.0,10.0,2.0,73.0,21.0
17031270300,18.4,352.0,0.0,8.0,2.715278132279659,5.0,12.0,2.0,80.0,6.0
17031270800,18.4,0.0,0.0,4.0,2.1797360513107136,2.0,10.0,2.0,42.0,5.0
17031271300,18.4,24.0,1.28,21.0,2.973797010174033,3.0,15.0,3.0,29.0,0.0
17031251700,19.0,0.0,0.48,10.0,1.776086529276668,5.0,6.0,3.0,224.0,48.0
17031252200,19.0,120.0,5.94,41.0,3.0341017793114218,8.0,8.0,2.0,351.0,81.0
17031252300,19.0,0.0,0.0,25.0,0.2506418928682197,2.0,6.0,1.0,311.0,19.0
17031260700,17.9,0.0,0.0,14.0,2.72342410202868,2.0,9.0,1.0,210.0,45.0
17031250800,19.0,0.0,18.8,14.0,1.5066150853300684,1.0,4.0,3.0,223.0,26.0
17031251100,19.0,0.0,0.0,11.0,1.1654652702318944,3.0,9.0,4.0,195.0,51.0
17031251600,19.0,0.0,0.85,7.0,1.8485481772751395,4.0,9.0,2.0,98.0,18.0
17031242100,19.5,13.0,0.0,5.0,3.073363381812615,5.0,12.0,2.0,381.0,59.0
17031242800,19.5,0.0,10.53,17.0,1.0983199148341125,4.0,9.0,3.0,199.0,16.0
17031243100,19.5,3.0,0.22,10.0,1.4295190682448748,6.0,10.0,3.0,416.0,30.0
17031243500,19.5,43.0,0.0,21.0,3.4853592456363542,3.0,5.0,3.0,797.0,78.0
17031243600,19.5,1.0,0.0,12.0,2.5064612416300585,2.0,0.0,2.0,241.0,19.0
17031240400,19.5,0.0,0.0,4.0,2.926756270684,2.0,5.0,1.0,262.0,25.0
17031240500,19.5,4.0,0.54,9.0,3.1771750666012526,5.0,9.0,2.0,245.0,26.0
17031241000,19.5,26.0,0.0,3.0,2.192122141582736,7.0,10.0,3.0,87.0,9.0
17031241500,19.5,8.0,0.66,8.0,2.2995158195225747,3.0,9.0,2.0,860.0,107.0
17031241600,19.5,0.0,4.18,7.0,1.5238952670049173,2.0,6.0,2.0,269.0,27.0
17031222600,19.9,0.0,0.51,2.0,1.7372381293188477,4.0,5.0,2.0,103.0,12.0
17031222800,19.9,48.0,0.0,1.0,1.192846478540083,3.0,5.0,3.0,65.0,8.0
17031230700,16.5,72.0,0.7,22.0,0.3008648291273171,5.0,11.0,3.0,414.0,67.0
17031230900,16.5,27.0,0.0,11.0,1.3842429907734997,3.0,6.0,2.0,247.0,47.0
17031231200,16.5,4.0,0.97,12.0,0.2497497523318922,4.0,12.0,3.0,415.0,99.0
17031220800,19.9,0.0,0.0,6.0,1.0715712452849022,1.0,7.0,0.0,51.0,5.0
17031221100,19.9,100.0,0.17,13.0,0.9676668770661686,3.0,7.0,2.0,289.0,26.0
17031221800,19.9,0.0,0.0,10.0,4.723929832481007,3.0,5.0,2.0,406.0,47.0
17031222300,19.9,14.0,0.37,3.0,2.1980537175680674,5.0,6.0,3.0,180.0,27.0
17031200400,17.0,0.0,4.9,12.0,1.0723724759008155,2.0,9.0,1.0,350.0,42.0
17031210500,16.1,32.0,0.0,21.0,1.4389562519379149,1.0,8.0,1.0,606.0,74.0
17031210700,16.1,0.0,0.15,6.0,4.418344540657093,2.0,5.0,1.0,235.0,44.0
17031220100,19.9,0.0,0.0,13.0,6.046241761707587,0.0,7.0,4.0,348.0,42.0
17031220200,19.9,0.0,2.18,8.0,2.592410166279277,0.0,6.0,2.0,176.0,27.0
17031190800,15.2,0.0,0.0,12.0,1.050397576857259,3.0,9.0,1.0,513.0,53.0
17031190900,15.2,85.0,0.0,6.0,1.2254106841916912,1.0,4.0,1.0,140.0,28.0
17031191400,15.2,1.0,0.0,5.0,0.2646769369055086,0.0,4.0,3.0,31.0,1.0
17031170500,18.8,0.0,0.0,17.0,0.0,1.0,2.0,1.0,111.0,12.0
17031170800,18.8,0.0,0.0,12.0,0.0,1.0,1.0,1.0,247.0,37.0
17031171100,18.8,0.0,0.0,14.0,0.7575259961878943,1.0,7.0,2.0,203.0,26.0
17031160800,24.8,0.0,4.35,13.0,1.742886754584026,1.0,7.0,1.0,414.0,54.0
17031161100,24.8,0.0,0.0,18.0,1.3398633035669092,1.0,5.0,2.0,150.0,13.0
17031161300,24.8,0.0,0.0,16.0,1.7315337093469632,1.0,8.0,1.0,497.0,68.0
17031170300,18.8,0.0,0.0,22.0,0.2587482935328498,3.0,5.0,3.0,269.0,32.0
17031150800,19.4,0.0,0.0,14.0,0.3283775857396108,3.0,3.0,1.0,346.0,30.0
17031150900,19.4,11.0,0.0,10.0,0.8566511014299663,1.0,1.0,1.0,130.0,10.0
17031160200,24.8,0.0,1.03,11.0,2.0566468959871145,2.0,5.0,3.0,379.0,22.0
17031140200,23.8,56.0,0.0,5.0,2.322490101096552,2.0,10.0,3.0,401.0,94.0
17031140400,23.8,97.0,0.33,21.0,4.97948205933746,1.0,5.0,3.0,512.0,55.0
17031140700,23.8,0.0,0.0,18.0,2.281406090007733,3.0,11.0,2.0,881.0,179.0
17031150200,19.4,2.0,2.12,37.0,1.2686778309206572,3.0,4.0,2.0,860.0,128.0
17031130200,33.0,0.0,38.39,21.0,4.17923124164256,1.0,6.0,3.0,200.0,36.0
17031100600,22.9,0.0,0.0,25.0,0.3063070578557232,3.0,6.0,2.0,293.0,40.0
17031100700,22.9,0.0,0.0,8.0,0.0,2.0,3.0,1.0,80.0,3.0
17031090200,23.4,1.0,10.25,16.0,0.0,0.0,4.0,1.0,557.0,61.0
17031100200,22.9,0.0,3.52,29.0,2.333507845077712,2.0,7.0,2.0,424.0,35.0
17031100400,22.9,0.0,0.0,6.0,0.0,2.0,3.0,2.0,51.0,7.0
17031081500,17.8,0.0,0.0,19.0,2.224531942293287,6.0,4.0,3.0,1903.0,228.0
17031071400,26.3,0.0,0.14,16.0,4.242347641118844,0.0,6.0,2.0,400.0,55.0
17031071500,26.3,0.0,0.06,25.0,4.962055423597464,1.0,7.0,2.0,765.0,52.0
17031080500,17.8,119.0,10.63,8.0,1.3245353399290756,1.0,7.0,1.0,134.0,21.0
17031080200,17.8,0.0,0.0,16.0,3.7050084045646794,1.0,7.0,2.0,348.0,42.0
17031080700,17.8,24.0,0.0,7.0,1.5294202483335868,3.0,8.0,2.0,407.0,41.0
17031063100,23.6,4.0,0.15,10.0,1.8678046869090084,1.0,4.0,2.0,347.0,89.0
17031070500,26.3,0.0,0.42,3.0,0.494198500159071,2.0,4.0,3.0,120.0,7.0
17031071200,26.3,54.0,14.4,13.0,1.4295318893249565,1.0,7.0,1.0,318.0,108.0
17031061000,23.6,79.0,0.0,2.0,0.5196437754431662,3.0,5.0,3.0,388.0,15.0
17031061300,23.6,2.0,0.38,5.0,1.357676268377514,2.0,5.0,1.0,146.0,15.0
17031061500,23.6,0.0,0.47,1.0,1.6516862730233333,4.0,5.0,3.0,123.0,16.0
17031062300,23.6,0.0,0.53,3.0,1.5973325968854948,2.0,4.0,3.0,147.0,18.0
17031062600,23.6,0.0,2.3,5.0,0.9715567356414242,2.0,5.0,2.0,347.0,22.0
17031062700,23.6,52.0,0.0,8.0,0.6813323002021299,2.0,6.0,3.0,534.0,65.0
17031062800,23.6,0.0,0.8,4.0,0.6814167044403323,3.0,4.0,3.0,396.0,71.0
17031062900,23.6,0.0,0.16,2.0,1.16209523017467,3.0,3.0,3.0,220.0,28.0
17031050400,24.3,0.0,29.43,15.0,4.6254642108096204,3.0,9.0,2.0,283.0,44.0
17031050500,24.3,0.0,0.0,15.0,1.1289573088749765,1.0,6.0,2.0,635.0,25.0
17031050600,24.3,2.0,0.12,7.0,0.5843132093052824,2.0,7.0,2.0,407.0,55.0
17031050700,24.3,0.0,0.0,4.0,1.3806697151076732,1.0,5.0,1.0,82.0,5.0
17031050800,24.3,0.0,0.0,4.0,1.5970122724505262,1.0,6.0,1.0,379.0,21.0
17031051000,24.3,0.0,0.0,3.0,2.365386771793923,0.0,6.0,1.0,154.0,6.0
17031051100,24.3,0.0,0.79,5.0,2.224796997342444,1.0,8.0,1.0,312.0,26.0
17031051200,24.3,0.0,0.0,4.0,1.6296012988001936,2.0,5.0,1.0,80.0,0.0
17031051400,24.3,91.0,9.08,7.0,3.498983880925297,1.0,5.0,1.0,147.0,7.0
17031051500,24.3,0.0,0.0,7.0,4.003962222919558,1.0,6.0,1.0,209.0,8.0
17031060100,23.6,0.0,0.16,7.0,1.2802810947977654,6.0,5.0,4.0,125.0,22.0
17031060200,23.6,0.0,0.22,2.0,1.2288444433725862,3.0,5.0,4.0,436.0,30.0
17031060400,23.6,5.0,0.37,7.0,0.2740887857898956,1.0,5.0,2.0,411.0,66.0
17031060500,23.6,0.0,1.39,6.0,0.2736247572995038,3.0,4.0,3.0,95.0,15.0
17031060600,23.6,0.0,0.0,2.0,0.1911261018544435,3.0,5.0,2.0,70.0,25.0
17031060800,23.6,2.0,0.0,11.0,1.0640977176223505,3.0,4.0,2.0,170.0,21.0
17031040100,28.3,0.0,23.68,18.0,5.2880116151800864,2.0,9.0,4.0,234.0,7.0
17031040200,28.3,0.0,1.55,43.0,5.481680995504119,4.0,7.0,3.0,818.0,136.0
17031040300,28.3,0.0,41.57,9.0,4.018663444383121,4.0,10.0,3.0,86.0,8.0
17031040700,28.3,2.0,0.89,8.0,3.936941198586712,3.0,4.0,2.0,453.0,127.0
17031040800,28.3,0.0,0.32,4.0,3.0953371902406124,3.0,3.0,1.0,114.0,9.0
17031040900,28.3,0.0,15.97,10.0,1.9793911719236517,5.0,4.0,1.0,409.0,36.0
17031050100,24.3,4.0,0.0,10.0,1.2573352494800598,4.0,5.0,3.0,310.0,41.0
17031050200,24.3,60.0,0.0,14.0,2.261668847784236,4.0,5.0,1.0,567.0,84.0
17031050300,24.3,5.0,0.0,6.0,3.270955622315823,3.0,4.0,1.0,213.0,23.0
17031031000,23.5,9.0,0.0,9.0,4.0992063060804025,6.0,6.0,2.0,384.0,50.0
17031031100,23.5,95.0,0.16,12.0,5.965631562987899,12.0,7.0,3.0,365.0,47.0
17031031200,23.5,329.0,0.25,11.0,5.460666030851518,12.0,4.0,2.0,643.0,151.0
17031031400,23.5,8.0,12.78,33.0,4.953065218926586,12.0,7.0,2.0,285.0,20.0
17031031700,23.5,262.0,0.72,12.0,3.363498042540501,15.0,8.0,3.0,457.0,60.0
17031031800,23.5,6.0,4.93,6.0,2.1194664625387767,9.0,4.0,3.0,198.0,21.0
17031031900,23.5,0.0,0.0,6.0,1.817837217757816,8.0,5.0,3.0,276.0,15.0
17031032100,23.5,231.0,0.0,22.0,1.3163435501009997,10.0,7.0,2.0,373.0,30.0
17031020600,26.0,3.0,0.0,18.0,2.607266857261638,4.0,6.0,3.0,806.0,162.0
17031020700,26.0,216.0,70.83999999999999,39.0,2.125151281478339,6.0,7.0,3.0,706.0,97.0
17031030200,26.3,3.0,0.08,14.0,4.47258252675851,3.0,5.0,2.0,562.0,92.0
17031030300,26.3,0.0,0.0,6.0,1.771609213422408,2.0,4.0,3.0,196.0,24.0
17031030400,26.3,16.0,0.0,10.0,2.514106878199992,2.0,4.0,2.0,240.0,29.0
17031030600,26.3,396.0,5.64,11.0,3.690035816884965,2.0,3.0,2.0,355.0,42.0
17031030700,26.3,0.0,0.38,21.0,7.45982792660914,5.0,4.0,2.0,500.0,67.0
17031030800,26.3,0.0,0.69,9.0,4.972371920742282,5.0,6.0,2.0,539.0,99.0
17031010500,27.4,953.0,0.45,17.0,2.938874191745505,2.0,6.0,2.0,455.0,103.0
17031010600,27.4,0.0,0.0,10.0,2.2732730718287355,3.0,7.0,2.0,501.0,49.0
17031010700,27.4,57.0,1.52,21.0,1.840593320535588,2.0,8.0,2.0,882.0,136.0
17031010900,27.4,0.0,2.15,1.0,1.4744959433518472,2.0,5.0,2.0,34.0,1.0
17031020300,26.0,14.0,24.7,31.0,1.643317071613463,3.0,6.0,2.0,291.0,68.0
17031020400,26.0,0.0,0.2,12.0,2.039399205633069,1.0,7.0,2.0,157.0,29.0
17031020200,26.0,0.0,24.56,20.0,0.2495683943463042,0.0,4.0,2.0,333.0,47.0
17031010100,27.4,0.0,9.1,1.0,1.9712537753930155,1.0,3.0,1.0,185.0,31.0
17031010200,27.4,57.0,16.49,15.0,2.008684612060336,2.0,7.0,2.0,559.0,102.0
17031750100,28.1,0.0,0.97,21.0,1.067284200420721,0.0,11.0,2.0,204.0,43.0
17031750200,28.1,0.0,11.3,10.0,0.0,1.0,7.0,1.0,164.0,9.0
17031750300,28.1,0.0,0.0,4.0,0.0,1.0,3.0,2.0,167.0,24.0
17031750600,28.1,0.0,16.72,19.0,1.3626883767432254,2.0,10.0,2.0,267.0,45.0
17031760800,19.3,0.0,1.79,30.0,1.5125249435756167,0.0,2.0,0.0,874.0,91.0
17031770900,19.3,0.0,0.0,0.0,0.0,0.0,1.0,0.0,3.0,0.0
17031808100,19.3,0.0,0.0,0.0,0.0,0.0,1.0,1.0,0.0,0.0
17031810501,19.3,0.0,0.0,1.0,0.2682293860054784,3.0,5.0,3.0,22.0,0.0
17031821500,24.7,0.0,0.0,0.0,0.0,0.0,1.0,0.0,0.0,0.0
17031823304,28.1,0.0,0.0,1.0,0.0,1.0,3.0,2.0,0.0,0.0
17031590700,15.0,0.0,0.0,13.0,0.5035985114941962,2.0,5.0,3.0,254.0,18.0
17031600300,13.0,0.0,0.0,4.0,0.1613924196476714,3.0,5.0,3.0,47.0,2.0
17031561300,12.0,0.0,0.0,12.0,0.0,0.0,1.0,2.0,46.0,11.0
17031320200,17.8,16.0,0.0,28.0,4.659451565654377,9.0,2.0,3.0,4907.0,563.0
17031292300,17.7,0.0,0.0,7.0,0.8231955368997347,2.0,8.0,3.0,34.0,7.0
17031290100,17.7,0.0,0.0,3.0,0.4075787143627512,2.0,11.0,1.0,23.0,1.0
17031282300,14.6,3.0,0.0,7.0,1.6294354965633582,1.0,5.0,3.0,24.0,4.0
17031280300,14.6,260.0,14.24,8.0,2.843293269386086,6.0,9.0,4.0,1414.0,54.0
17031270600,18.4,0.0,0.0,4.0,1.9849951505986736,3.0,12.0,2.0,13.0,0.0
17031260400,17.9,0.0,0.0,2.0,2.257899934288249,5.0,6.0,2.0,120.0,6.0
17031242400,19.5,2.0,0.28,8.0,1.504235037122439,1.0,14.0,2.0,295.0,46.0
17031240800,19.5,52.0,16.76,3.0,1.9823747001443408,7.0,5.0,3.0,97.0,14.0
17031230600,16.5,15.0,1.98,21.0,0.0,2.0,10.0,2.0,522.0,65.0
17031221600,19.9,0.0,4.38,4.0,2.4432079338538766,2.0,5.0,2.0,330.0,32.0
17031190300,15.2,3.0,0.0,11.0,0.2505587485855855,3.0,6.0,1.0,565.0,92.0
17031190100,15.2,110.0,0.0,9.0,1.321642112735398,2.0,5.0,1.0,297.0,54.0
17031160100,24.8,0.0,3.0,6.0,1.846432060279232,1.0,2.0,2.0,271.0,36.0
17031381900,16.9,0.0,0.0,4.0,1.206537488826183,4.0,5.0,1.0,35.0,4.0
17031350800,21.6,1.0,0.0,2.0,2.296655038396373,2.0,7.0,2.0,36.0,2.0
17031370200,12.3,0.0,11.31,10.0,0.254355854310958,3.0,7.0,3.0,44.0,7.0
17031320300,17.8,0.0,0.0,6.0,3.441561105683092,9.0,2.0,2.0,1354.0,149.0
17031300200,14.9,0.0,0.0,3.0,1.4701854856748506,3.0,10.0,2.0,94.0,15.0
17031301500,14.9,0.0,0.0,8.0,2.016539938369984,1.0,11.0,2.0,178.0,24.0
17031291000,17.7,45.0,0.6,5.0,2.13233629426262,1.0,10.0,1.0,71.0,13.0
17031283100,14.6,0.0,0.0,5.0,0.890130875259043,1.0,9.0,4.0,316.0,76.0
17031280700,14.6,0.0,0.0,2.0,1.946533426328352,4.0,9.0,1.0,81.0,2.0
17031282000,14.6,0.0,0.0,8.0,5.43052170811846,5.0,2.0,3.0,171.0,27.0
17031271000,18.4,143.0,0.0,9.0,2.445876266658608,1.0,9.0,1.0,38.0,3.0
17031250700,19.0,0.0,0.0,18.0,2.162615536268835,2.0,6.0,3.0,362.0,66.0
17031242500,19.5,61.0,0.0,7.0,1.8050561558100011,2.0,11.0,4.0,231.0,27.0
17031240100,19.5,0.0,0.0,4.0,2.5404294174860764,3.0,4.0,2.0,264.0,18.0
17031222900,19.9,30.0,0.41,3.0,1.3621543999360683,2.0,7.0,3.0,113.0,9.0
17031220700,19.9,0.0,9.01,12.0,1.7583976216106585,1.0,9.0,1.0,361.0,34.0
17031222000,19.9,0.0,1.24,6.0,2.778437689661137,2.0,5.0,2.0,80.0,1.0
17031210900,16.1,0.0,0.16,10.0,3.9201916038483615,1.0,6.0,2.0,411.0,47.0
17031191000,15.2,0.0,0.0,11.0,0.0,2.0,3.0,1.0,206.0,18.0
17031180100,18.6,10.0,4.36,18.0,0.0,1.0,3.0,3.0,264.0,33.0
17031170400,18.8,0.0,0.0,12.0,0.0,1.0,2.0,1.0,238.0,51.0
17031160300,24.8,0.0,0.0,12.0,1.1366908397500353,0.0,5.0,2.0,302.0,44.0
17031150100,19.4,104.0,0.0,9.0,0.3765800583809127,1.0,0.0,2.0,82.0,10.0
17031110100,22.5,0.0,0.0,9.0,6.723679145190245,1.0,4.0,3.0,369.0,56.0
17031081100,17.8,0.0,0.0,6.0,2.641469983960825,2.0,4.0,2.0,384.0,55.0
17031080100,17.8,0.0,0.61,13.0,3.0608839678425723,2.0,6.0,2.0,300.0,7.0
17031061200,23.6,1.0,0.0,3.0,0.1708855918962089,2.0,6.0,3.0,167.0,33.0
17031062400,23.6,98.0,0.0,2.0,1.4994938751716012,2.0,4.0,2.0,145.0,17.0
17031051300,24.3,0.0,0.0,9.0,2.3026335903687243,2.0,6.0,2.0,128.0,9.0
17031040500,28.3,0.0,0.0,4.0,1.737497451498252,4.0,3.0,2.0,202.0,45.0
17031031300,23.5,16.0,1.85,21.0,8.0313585764672,11.0,4.0,2.0,145.0,3.0
17031030100,26.3,114.0,4.11,14.0,2.443058479667852,2.0,3.0,2.0,581.0,116.0
17031020100,26.0,0.0,0.0,7.0,0.0,0.0,5.0,2.0,235.0,26.0
17031750400,28.1,0.0,18.48,3.0,0.0,1.0,2.0,2.0,192.0,27.0
17031600400,13.0,85.0,0.42,13.0,0.835512824720344,2.0,5.0,2.0,178.0,22.0
17031420900,22.1,42.0,0.66,7.0,0.7513495854121394,3.0,6.0,2.0,60.0,4.0
17031730500,21.4,0.0,15.759999999999998,17.0,1.001676909163506,3.0,9.0,1.0,148.0,12.0
17031691500,21.4,0.0,20.240000000000002,11.0,1.6373981741572048,2.0,6.0,3.0,192.0,28.0
17031282400,14.6,0.0,2.55,3.0,2.043793332574442,3.0,5.0,4.0,34.0,3.0
17031282600,14.6,0.0,0.0,5.0,1.3099690246361102,3.0,9.0,2.0,17.0,1.0
17031282900,14.6,0.0,2.63,35.0,2.008305647348397,3.0,13.0,4.0,233.0,52.0
17031612100,15.6,110.0,1.0,9.0,1.0026554906661995,1.0,5.0,2.0,51.0,14.0
17031601500,13.0,0.0,0.49,15.0,0.3559061148794246,3.0,3.0,3.0,187.0,14.0
17031500100,19.3,0.0,27.9,22.0,2.2800420736585205,1.0,9.0,2.0,215.0,18.0
17031460100,19.3,0.0,87.22,20.0,7.418552957482712,6.0,10.0,2.0,183.0,31.0
17031411300,27.5,0.0,72.5,7.0,0.807853252300203,2.0,6.0,2.0,78.0,22.0
17031381700,16.9,0.0,9.69,8.0,0.0,2.0,4.0,2.0,16.0,2.0
17031320100,17.8,14.0,5.83,37.0,5.519338042683958,7.0,2.0,2.0,4527.0,399.0
17031301200,14.9,0.0,1.02,8.0,1.799212007310978,6.0,13.0,1.0,368.0,44.0
17031281000,14.6,0.0,0.0,3.0,1.2324071191322443,4.0,7.0,1.0,30.0,5.0
17031261000,17.9,0.0,0.59,7.0,1.0504121097406636,2.0,8.0,2.0,98.0,12.0
17031250900,19.0,0.0,0.0,10.0,0.6799426269326638,2.0,6.0,2.0,152.0,14.0
17031241900,19.5,0.0,8.85,6.0,2.5507990236884344,6.0,8.0,2.0,100.0,1.0
17031222200,19.9,3.0,1.31,11.0,3.4537792397482145,3.0,6.0,3.0,270.0,38.0
17031180300,18.6,85.0,0.0,7.0,0.0,0.0,4.0,2.0,117.0,16.0
17031140600,23.8,0.0,2.8,13.0,3.0141179037607544,1.0,9.0,3.0,549.0,109.0
17031062200,23.6,51.0,0.0,1.0,2.193078170105162,4.0,5.0,4.0,495.0,42.0
17031491000,22.3,90.0,3.23,8.0,0.8848901679313528,2.0,7.0,2.0,153.0,30.0
17031150300,19.4,4.0,46.95,32.0,1.1343949727390212,2.0,6.0,2.0,387.0,26.0
17031251200,19.0,0.0,0.29,16.0,0.5348758452654585,4.0,11.0,3.0,207.0,43.0
17031600600,13.0,0.0,2.15,7.0,0.6170648233634423,2.0,4.0,2.0,153.0,17.0
17031460900,19.3,0.0,20.27,6.0,2.0795613342511734,6.0,6.0,1.0,205.0,48.0
17031380800,16.9,87.0,0.5,6.0,1.7508351603178018,3.0,7.0,2.0,54.0,9.0
17031284100,14.6,0.0,0.0,10.0,0.3144641836165295,2.0,10.0,3.0,23.0,3.0
17031260200,17.9,0.0,0.98,6.0,2.863773522321784,2.0,6.0,1.0,224.0,42.0
17031221300,19.9,24.0,0.0,9.0,1.563156142669126,4.0,6.0,3.0,367.0,69.0
17031720100,40.5,0.0,5.12,19.0,2.9375608796045154,2.0,5.0,2.0,359.0,42.0
17031310500,10.6,0.0,6.34,4.0,0.2827521609230748,5.0,9.0,2.0,197.0,32.0
17031241400,19.5,128.0,4.74,16.0,2.635515329495647,3.0,13.0,2.0,1225.0,164.0
17031070100,26.3,0.0,0.0,16.0,3.3693049330446634,0.0,2.0,2.0,736.0,160.0
17031380600,16.9,220.0,0.0,1.0,0.254355854310958,2.0,5.0,3.0,11.0,0.0
17031140500,23.8,0.0,0.43000000000000005,9.0,2.379159922459145,1.0,5.0,3.0,324.0,52.0
17031120400,44.2,0.0,0.58,14.0,3.9669950153796014,2.0,3.0,3.0,265.0,21.0
17031282200,14.6,5.0,4.57,5.0,2.716906058982026,3.0,9.0,3.0,160.0,43.0
17031230200,16.5,111.0,0.0,8.0,2.313865948893745,3.0,7.0,2.0,173.0,27.0
17031081700,17.8,4.0,0.0,20.0,3.956962247372554,6.0,5.0,3.0,1976.0,185.0
17031671200,25.9,0.0,0.0,6.0,0.9031676751763624,1.0,6.0,1.0,69.0,11.0
17031340300,13.1,0.0,0.0,1.0,0.4012916039384865,4.0,6.0,4.0,55.0,2.0
17031170900,18.8,0.0,0.0,6.0,0.0,1.0,1.0,1.0,55.0,6.0
17031711000,18.7,0.0,0.32,13.0,1.452180273427337,3.0,10.0,2.0,140.0,22.0
17031690500,21.4,0.0,0.0,17.0,1.7592885404306229,2.0,9.0,2.0,129.0,27.0
17031681300,24.7,0.0,33.84,18.0,1.5999687529690485,5.0,9.0,1.0,100.0,15.0
17031660400,18.5,0.0,0.0,13.0,0.7685265741403156,3.0,6.0,3.0,288.0,44.0
17031620100,12.7,78.0,0.0,6.0,0.0,1.0,13.0,5.0,172.0,34.0
17031611300,15.6,101.0,0.0,8.0,0.0,2.0,11.0,2.0,319.0,52.0
17031580900,12.0,0.0,0.0,10.0,0.7118275624389411,2.0,8.0,2.0,170.0,28.0
17031580400,12.0,30.0,0.0,22.0,0.8365248540620472,2.0,8.0,2.0,281.0,32.0
17031520600,15.8,0.0,18.64,12.0,1.8944465767118872,1.0,3.0,0.0,31.0,1.0
17031491300,22.3,0.0,0.0,8.0,0.0,1.0,8.0,3.0,88.0,16.0
17031450300,22.0,0.0,0.0,33.0,2.130727640162253,2.0,11.0,2.0,338.0,52.0
17031410700,27.5,27.0,11.99,4.0,0.9335111044129388,1.0,7.0,1.0,216.0,52.0
17031400500,21.9,422.0,0.0,6.0,0.2728255032659915,2.0,5.0,3.0,65.0,7.0
17031381100,16.9,0.0,0.25,2.0,0.5424031157266371,3.0,8.0,2.0,66.0,7.0
17031351200,21.6,272.0,0.0,10.0,2.4711205637895337,8.0,10.0,2.0,64.0,10.0
17031290300,17.7,0.0,0.0,4.0,0.6903674575312622,2.0,10.0,1.0,26.0,4.0
17031081400,17.8,3.0,11.71,37.0,2.052390375901577,6.0,3.0,3.0,2714.0,349.0
17031081600,17.8,0.0,0.0,14.0,3.2316247372414697,6.0,5.0,3.0,658.0,108.0
17031081900,17.8,21.0,0.0,3.0,0.3165742577050578,1.0,5.0,2.0,90.0,10.0
17031071600,26.3,0.0,0.84,4.0,1.4315715318278814,0.0,6.0,2.0,42.0,1.0
17031071800,26.3,0.0,0.0,7.0,1.5755077412077736,1.0,8.0,2.0,214.0,47.0
17031291400,17.7,11.0,165.49,19.0,1.328910926951969,3.0,13.0,2.0,99.0,8.0
17031283000,14.6,0.0,0.0,18.0,0.5083860195702725,2.0,11.0,3.0,63.0,29.0
17031271800,18.4,0.0,0.48,4.0,0.7403761175879747,1.0,11.0,1.0,62.0,14.0
17031281300,14.6,84.0,3.26,11.0,1.8547320140781804,7.0,10.0,2.0,72.0,6.0
17031270100,18.4,0.0,0.0,3.0,2.1927241165141567,1.0,9.0,2.0,95.0,7.0
17031271600,18.4,0.0,0.24,3.0,1.001656769181351,2.0,13.0,2.0,51.0,8.0
17031260600,17.9,0.0,0.0,8.0,2.475538599246454,4.0,8.0,1.0,67.0,10.0
17031251000,19.0,0.0,0.0,12.0,0.9391686871410272,2.0,6.0,3.0,191.0,22.0
17031242600,19.5,83.0,0.0,13.0,2.831611202858638,6.0,13.0,3.0,396.0,64.0
17031240200,19.5,0.0,2.18,4.0,2.540387564524042,3.0,5.0,2.0,144.0,17.0
17031241800,19.5,38.0,0.0,9.0,1.669387172677384,4.0,5.0,3.0,245.0,11.0
17031231400,16.5,0.0,6.96,10.0,1.2617659045042364,6.0,10.0,2.0,79.0,1.0
17031221400,19.9,35.0,0.0,14.0,2.3403526676189075,6.0,7.0,3.0,337.0,71.0
17031210300,16.1,0.0,0.79,14.0,1.2432517573590085,1.0,10.0,1.0,345.0,47.0
17031220400,19.9,96.0,0.16,10.0,2.01763583819538,2.0,6.0,1.0,254.0,39.0
17031200200,17.0,0.0,9.92,13.0,1.7452805378821556,1.0,7.0,1.0,362.0,39.0
17031160600,24.8,0.0,58.07,11.0,4.554012830764554,3.0,7.0,2.0,626.0,77.0
17031150600,19.4,0.0,0.0,14.0,0.0,3.0,7.0,3.0,311.0,34.0
17031160400,24.8,14.0,0.0,13.0,3.3309897344823165,1.0,9.0,2.0,493.0,40.0
17031140800,23.8,80.0,1.06,7.0,4.247107316351345,2.0,9.0,3.0,695.0,104.0
17031110200,22.5,73.0,1.73,16.0,2.956267566571086,0.0,4.0,2.0,315.0,42.0
17031081200,17.8,0.0,0.51,16.0,2.589375913841057,2.0,4.0,2.0,1708.0,154.0
17031071700,26.3,0.0,0.0,2.0,0.6831910425391521,0.0,8.0,1.0,127.0,0.0
17031063200,23.6,0.0,0.0,14.0,2.6591392186946576,1.0,2.0,1.0,293.0,36.0
17031071300,26.3,0.0,0.0,7.0,1.4873713056045812,0.0,6.0,2.0,233.0,29.0
17031062100,23.6,8.0,0.0,9.0,2.3772231565602526,3.0,4.0,3.0,1031.0,125.0
17031060300,23.6,0.0,0.21,6.0,0.0,1.0,5.0,3.0,302.0,21.0
17031060700,23.6,9.0,2.42,11.0,0.2321813087623246,3.0,4.0,2.0,226.0,42.0
17031040400,28.3,30.0,23.03,22.0,6.203046592446191,4.0,5.0,3.0,611.0,120.0
17031041000,28.3,0.0,0.0,4.0,1.055283298907481,4.0,3.0,2.0,246.0,50.0
17031030900,26.3,0.0,0.52,18.0,3.585664278671425,0.0,5.0,2.0,617.0,60.0
17031031600,23.5,90.0,0.18,17.0,2.3664448033549115,13.0,6.0,2.0,716.0,129.0
17031032000,23.5,13.0,3.39,6.0,1.3245147148190712,10.0,9.0,3.0,21.0,0.0
17031020800,26.0,2.0,4.1,31.0,1.257582058426287,6.0,6.0,3.0,1210.0,240.0
17031030500,26.3,0.0,6.05,17.0,4.133213654774434,3.0,5.0,2.0,395.0,64.0
17031010300,27.4,111.0,4.8500000000000005,14.0,2.2083478954022677,2.0,5.0,1.0,372.0,30.0
17031010800,27.4,0.0,0.44,10.0,1.5587084378419576,2.0,7.0,3.0,467.0,64.0
17031020500,26.0,0.0,89.63,11.0,2.7266737650049246,3.0,6.0,3.0,377.0,101.0
17031740300,18.6,0.0,2.18,16.0,0.0,1.0,4.0,1.0,174.0,24.0
17031750500,28.1,0.0,15.95,33.0,0.2502666264666242,2.0,8.0,2.0,323.0,50.0
17031810400,19.3,0.0,0.0,0.0,0.0,0.0,1.0,1.0,40.0,5.0
17031710800,18.7,85.0,0.77,18.0,1.6280973174656324,7.0,10.0,2.0,205.0,28.0
17031711500,18.7,0.0,0.0,9.0,1.18266767425147,1.0,6.0,2.0,45.0,3.0
17031110300,22.5,0.0,4.97,24.0,0.9259732986447132,1.0,5.0,2.0,159.0,8.0
17031081300,17.8,0.0,8.21,11.0,1.0038426118654586,1.0,2.0,2.0,918.0,80.0
17031070200,26.3,14.0,0.21,9.0,1.2909099392437755,1.0,5.0,2.0,373.0,90.0
17031062000,23.6,11.0,0.17,7.0,2.3646424867764524,3.0,3.0,2.0,346.0,64.0
17031700100,15.3,0.0,1.38,28.0,0.0,0.0,12.0,2.0,377.0,52.0
17031661100,18.5,0.0,0.0,11.0,0.0,0.0,7.0,1.0,161.0,18.0
17031671900,25.9,0.0,0.0,8.0,0.6279818101624914,3.0,5.0,1.0,63.0,6.0
17031680200,24.7,167.0,6.4,24.0,0.5184883606032744,6.0,12.0,3.0,93.0,7.0
17031680400,24.7,99.0,0.23,9.0,0.752860162942688,2.0,6.0,2.0,59.0,10.0
17031680700,24.7,109.0,0.0,7.0,0.2505500037454827,6.0,5.0,3.0,67.0,12.0
17031681100,24.7,0.0,0.0,17.0,2.2702047541115364,4.0,9.0,3.0,134.0,28.0
17031670200,25.9,0.0,0.0,6.0,0.0,1.0,6.0,2.0,70.0,6.0
17031670500,25.9,0.0,17.66,14.0,1.2651489418734625,3.0,13.0,3.0,81.0,16.0
17031670700,25.9,71.0,0.0,6.0,0.4499195853199784,1.0,7.0,2.0,157.0,29.0
17031671500,25.9,0.0,0.31,16.0,0.9667435378702464,1.0,7.0,2.0,191.0,36.0
17031671700,25.9,0.0,0.0,8.0,1.6071262612760724,0.0,7.0,2.0,40.0,7.0
17031660100,18.5,0.0,0.0,6.0,0.8458033590887994,4.0,10.0,2.0,65.0,5.0
17031660300,18.5,0.0,0.09,17.0,1.0032069136859392,7.0,6.0,2.0,563.0,87.0
17031661000,18.5,93.0,0.07,12.0,0.2692453989182924,0.0,8.0,1.0,336.0,64.0
17031640100,8.8,0.0,0.0,6.0,0.0,0.0,2.0,1.0,61.0,14.0
17031640300,8.8,0.0,26.410000000000004,21.0,0.0,1.0,5.0,2.0,282.0,28.0
17031640500,8.8,0.0,0.64,17.0,0.0,1.0,3.0,1.0,105.0,17.0
17031650300,10.7,0.0,22.26,17.0,0.4997911428454479,2.0,6.0,2.0,537.0,96.0
17031620200,12.7,0.0,4.35,11.0,0.0,1.0,7.0,2.0,573.0,48.0
17031620400,12.7,0.0,0.0,12.0,0.0,1.0,10.0,4.0,110.0,14.0
17031630900,14.6,59.0,18.83,11.0,0.0,3.0,7.0,4.0,176.0,28.0
17031630700,14.6,0.0,26.5,15.0,0.0,4.0,9.0,3.0,270.0,52.0
17031610400,15.6,0.0,0.0,4.0,0.0,2.0,9.0,1.0,317.0,36.0
17031610700,15.6,0.0,1.44,6.0,1.005442830545573,1.0,3.0,2.0,94.0,17.0
17031610900,15.6,0.0,0.0,9.0,1.002232906293545,0.0,6.0,3.0,60.0,2.0
17031611800,15.6,0.0,0.0,5.0,0.0,1.0,10.0,2.0,88.0,14.0
17031611400,15.6,0.0,8.8,6.0,0.2494618540000083,2.0,11.0,2.0,131.0,17.0
17031600500,13.0,0.0,37.35,13.0,1.1858519127693068,3.0,5.0,3.0,362.0,23.0
17031600800,13.0,0.0,1.55,9.0,0.0285515356987309,2.0,4.0,3.0,305.0,23.0
17031601300,13.0,0.0,0.0,1.0,0.0,1.0,2.0,3.0,85.0,27.0
17031720600,40.5,0.0,0.56,4.0,0.0,1.0,2.0,1.0,103.0,8.0
17031710700,18.7,134.0,1.28,12.0,0.9691799431943456,7.0,9.0,2.0,228.0,42.0
17031700200,15.3,0.0,14.3,21.0,0.0,3.0,6.0,2.0,214.0,22.0
17031690100,21.4,0.0,0.0,15.0,1.4954114411614956,3.0,9.0,2.0,52.0,2.0
17031672000,25.9,0.0,3.51,20.0,1.4881091162096771,1.0,5.0,2.0,146.0,9.0
17031670400,25.9,0.0,0.0,7.0,0.2754046016779234,0.0,5.0,2.0,59.0,13.0
17031671400,25.9,64.0,0.0,10.0,1.7428396499572638,3.0,7.0,1.0,59.0,7.0
17031660800,18.5,0.0,0.38,8.0,1.0588112541485792,5.0,9.0,2.0,206.0,44.0
17031650200,10.7,0.0,0.0,15.0,0.0,2.0,7.0,1.0,475.0,69.0
17031630800,14.6,0.0,0.0,15.0,0.0,5.0,12.0,2.0,280.0,53.0
17031611700,15.6,0.0,0.0,9.0,0.5300431066654582,1.0,10.0,2.0,90.0,20.0
17031600900,13.0,0.0,0.21,8.0,0.2505527128436769,2.0,4.0,2.0,153.0,26.0
17031580700,12.0,0.0,0.0,7.0,1.6181784547308862,1.0,10.0,3.0,212.0,24.0
17031561200,12.0,0.0,0.0,4.0,0.0,1.0,2.0,1.0,163.0,69.0
17031560300,12.0,85.0,13.31,5.0,0.0,1.0,3.0,1.0,114.0,25.0
17031550200,18.5,0.0,294.25,7.0,2.750789652885411,2.0,3.0,2.0,82.0,25.0
17031490700,22.3,0.0,4.61,4.0,1.3038837587209364,2.0,5.0,3.0,70.0,20.0
17031470100,23.7,0.0,12.21,20.0,0.5734734911039284,1.0,8.0,1.0,154.0,2.0
17031440900,20.1,0.0,18.7,9.0,0.53573401551808,0.0,4.0,0.0,143.0,22.0
17031440500,20.1,0.0,0.0,6.0,0.0,1.0,5.0,0.0,73.0,7.0
17031410900,27.5,0.0,0.24,11.0,3.634539473462947,1.0,5.0,1.0,154.0,15.0
17031420600,22.1,0.0,0.0,11.0,0.2493920971559429,4.0,6.0,1.0,155.0,33.0
17031400700,21.9,78.0,0.0,5.0,0.0,1.0,5.0,2.0,53.0,8.0
17031380500,16.9,181.0,6.73,7.0,0.3522175568635857,6.0,6.0,4.0,11.0,0.0
17031382000,16.9,297.0,0.0,10.0,0.98411985516736,4.0,10.0,2.0,124.0,26.0
17031350700,21.6,0.0,0.0,6.0,2.9648539573995305,8.0,11.0,2.0,145.0,39.0
17031330100,13.8,698.0,125.13,42.0,6.651653812845548,7.0,6.0,2.0,1613.0,172.0
17031340400,13.1,0.0,0.0,8.0,0.9174148542587524,4.0,8.0,4.0,190.0,39.0
17031301900,14.9,0.0,23.93,12.0,1.2145723787325946,1.0,8.0,1.0,160.0,3.0
17031292500,17.7,120.0,0.0,17.0,1.0055161796665943,3.0,10.0,2.0,179.0,19.0
17031300900,14.9,0.0,0.0,6.0,1.7782650028271716,2.0,13.0,2.0,351.0,50.0
17031610200,15.6,0.0,0.0,13.0,1.090724374670757,3.0,10.0,5.0,271.0,31.0
17031580500,12.0,0.0,0.0,22.0,0.9168001055675083,2.0,13.0,2.0,696.0,115.0
17031580800,12.0,0.0,0.0,5.0,0.6240475886394704,1.0,6.0,2.0,137.0,17.0
17031590200,15.0,0.0,1.42,19.0,0.0,2.0,5.0,2.0,271.0,37.0
17031590400,15.0,0.0,0.0,13.0,1.5635932723366062,2.0,5.0,1.0,80.0,21.0
17031570500,8.3,0.0,0.0,11.0,0.0,1.0,4.0,1.0,128.0,15.0
17031580300,12.0,0.0,0.0,9.0,0.9512880527603204,0.0,2.0,1.0,95.0,6.0
17031560100,12.0,0.0,0.0,7.0,0.0,1.0,6.0,1.0,89.0,5.0
17031560600,12.0,0.0,0.0,12.0,0.0,1.0,1.0,1.0,129.0,17.0
17031561100,12.0,0.0,15.96,17.0,0.0,2.0,4.0,2.0,57.0,1.0
17031530600,26.0,0.0,0.0,18.0,0.2503728763486103,0.0,4.0,0.0,81.0,8.0
17031550100,18.5,116.0,0.46,41.0,5.624944097757392,1.0,5.0,1.0,353.0,66.0
17031520200,15.8,0.0,0.67,8.0,1.7229344723782718,4.0,4.0,1.0,152.0,30.0
17031520500,15.8,0.0,0.0,13.0,4.347913808815705,2.0,4.0,0.0,75.0,3.0
17031500300,19.3,0.0,5.779999999999999,3.0,0.9487406567721974,1.0,3.0,2.0,91.0,15.0
17031510300,14.1,86.0,146.29,49.0,1.567222402762258,2.0,5.0,2.0,340.0,56.0
17031510500,14.1,0.0,18.04,10.0,0.5259622415088827,1.0,2.0,1.0,109.0,28.0
17031490600,22.3,0.0,0.0,8.0,0.9627187292232084,4.0,7.0,2.0,140.0,18.0
17031490900,22.3,190.0,0.0,47.0,2.2050681713133398,2.0,11.0,2.0,358.0,29.0
17031491100,22.3,0.0,12.33,14.0,1.0355517705763877,1.0,9.0,4.0,218.0,26.0
17031491400,22.3,60.0,38.44,28.0,0.7569659509390982,1.0,6.0,2.0,463.0,51.0
17031460700,19.3,0.0,0.0,12.0,1.610352034797158,6.0,8.0,1.0,168.0,48.0
17031461000,19.3,141.0,0.0,23.0,2.4610841918297632,5.0,5.0,1.0,261.0,22.0
17031480100,20.4,0.0,18.42,16.0,0.6851438761303976,0.0,11.0,2.0,246.0,34.0
17031490100,22.3,0.0,0.0,2.0,0.0,1.0,6.0,1.0,12.0,0.0
17031480500,20.4,0.0,3.15,21.0,2.571587161699996,4.0,9.0,2.0,115.0,7.0
17031430900,23.1,0.0,3.03,8.0,0.2503279847198117,2.0,7.0,3.0,97.0,8.0
17031431200,23.1,0.0,0.0,13.0,0.0,3.0,6.0,2.0,222.0,35.0
17031431400,23.1,87.0,111.47,20.0,3.272280212747882,2.0,7.0,1.0,218.0,19.0
17031440400,20.1,0.0,14.03,32.0,3.032840021062504,4.0,11.0,2.0,352.0,79.0
17031420700,22.1,0.0,0.0,14.0,1.2482941349551395,4.0,9.0,2.0,319.0,75.0
17031421000,22.1,33.0,0.42000000000000004,5.0,0.7091033075411364,1.0,6.0,2.0,35.0,1.0
17031421200,22.1,0.0,0.0,16.0,1.9752287701155076,2.0,9.0,2.0,126.0,14.0
17031430500,23.1,0.0,1.14,7.0,1.01791599362151,2.0,7.0,2.0,288.0,19.0
17031430800,23.1,0.0,0.0,6.0,0.0023599325607914,3.0,5.0,1.0,132.0,6.0
17031410800,27.5,38.0,1.29,6.0,1.482245079626335,1.0,5.0,1.0,581.0,72.0
17031411100,27.5,0.0,0.0,6.0,2.545428411173952,0.0,5.0,2.0,82.0,14.0
17031420500,22.1,65.0,0.0,10.0,0.0216912725492127,4.0,4.0,1.0,88.0,12.0
17031390300,28.0,81.0,0.0,10.0,1.0230998330353336,6.0,8.0,2.0,116.0,25.0
17031400100,21.9,35.0,0.0,17.0,1.827787507490384,3.0,7.0,2.0,118.0,27.0
17031400600,21.9,0.0,0.0,12.0,0.0,1.0,7.0,3.0,56.0,3.0
17031410300,27.5,0.0,0.64,2.0,0.2443278119721037,1.0,5.0,1.0,22.0,0.0
17031410600,27.5,10.0,3.22,3.0,0.9496543074110794,1.0,6.0,1.0,64.0,12.0
17031380100,16.9,116.0,11.19,9.0,2.24279482301407,5.0,9.0,3.0,136.0,21.0
17031380400,16.9,110.0,0.49,11.0,1.9067539927889632,6.0,9.0,4.0,68.0,7.0
17031380900,16.9,0.0,0.16,6.0,1.4013962298940672,4.0,4.0,2.0,68.0,2.0
17031381200,16.9,83.0,0.0,8.0,1.4038434528701351,5.0,8.0,1.0,184.0,35.0
17031381400,16.9,107.0,0.0,8.0,1.7254480888355808,4.0,6.0,2.0,173.0,30.0
17031390200,28.0,0.0,5.45,4.0,1.645722448248346,6.0,8.0,1.0,129.0,3.0
17031340600,13.1,0.0,2.53,10.0,0.2961850968640629,6.0,7.0,4.0,60.0,3.0
17031350300,21.6,0.0,0.0,12.0,2.459883951599347,3.0,8.0,3.0,151.0,1.0
17031350500,21.6,0.0,0.01,6.0,0.7149934102119025,7.0,10.0,3.0,45.0,3.0
17031351000,21.6,0.0,665.8000000000001,15.0,4.6026221978722734,3.0,9.0,2.0,182.0,19.0
17031351300,21.6,0.0,0.99,3.0,2.5095989708044684,8.0,10.0,2.0,92.0,14.0
17031351500,21.6,278.0,3.96,5.0,0.5740120569654266,7.0,7.0,4.0,20.0,8.0
17031360200,18.0,610.0,9.86,7.0,1.8901806406107216,5.0,7.0,2.0,25.0,0.0
17031360500,18.0,61.0,0.46,7.0,1.461413015167845,4.0,7.0,1.0,67.0,1.0
17031330300,13.8,0.0,5.01,4.0,1.8589589290100412,5.0,8.0,1.0,25.0,1.0
17031330500,13.8,127.0,0.0,9.0,2.4950644499537398,1.0,6.0,2.0,82.0,11.0
17031311300,10.6,0.0,3.2,17.0,1.5457387602086037,5.0,12.0,3.0,464.0,53.0
17031690600,21.4,0.0,0.0,16.0,2.7336922981452103,2.0,11.0,2.0,7.0,1.0
17031510400,14.1,0.0,445.32,11.0,8.160784039268504,4.0,8.0,3.0,111.0,1.0
17031460600,19.3,0.0,0.0,6.0,0.9612249168532954,3.0,8.0,1.0,28.0,3.0
17031440700,20.1,0.0,0.0,7.0,0.0,1.0,7.0,0.0,60.0,7.0
17031430200,23.1,154.0,0.0,19.0,2.321271077013221,1.0,7.0,2.0,158.0,15.0
17031420100,22.1,67.0,551.52,9.0,4.5831912115182485,0.0,5.0,1.0,51.0,6.0
17031410200,27.5,0.0,0.0,4.0,0.0,1.0,5.0,1.0,22.0,0.0
17031381000,16.9,172.0,9.29,6.0,0.8037180315365502,6.0,8.0,2.0,42.0,3.0
17031350200,21.6,134.0,21.91,7.0,2.601720175708309,2.0,5.0,3.0,24.0,0.0
17031360400,19.3,244.0,3.0900000000000003,7.0,3.114713889186294,4.0,8.0,2.0,52.0,0.0
17031320400,17.8,0.0,295.45,21.0,5.899676747932027,8.0,3.0,1.0,3431.0,305.0
17031310800,10.6,97.0,0.0,8.0,1.0302631933004551,4.0,11.0,2.0,541.0,76.0
17031300600,14.9,0.0,1.36,10.0,1.828616397473685,3.0,10.0,3.0,192.0,23.0
17031290800,17.7,26.0,0.0,8.0,1.029127729859982,0.0,7.0,2.0,122.0,11.0
17031282500,14.6,52.0,0.0,6.0,2.5172778939957627,4.0,11.0,3.0,32.0,9.0
17031283800,14.6,124.0,0.0,5.0,1.0352651104705797,6.0,11.0,2.0,138.0,2.0
17031281600,14.6,62.0,0.0,11.0,2.7434859604703945,6.0,8.0,4.0,151.0,26.0
17031270900,18.4,0.0,0.0,4.0,1.84506945770816,1.0,6.0,2.0,31.0,5.0
17031260100,17.9,627.0,0.0,6.0,2.668991926533084,2.0,8.0,2.0,191.0,34.0
17031251500,19.0,118.0,8.0,11.0,0.8607754641933907,5.0,13.0,2.0,256.0,48.0
17031243200,19.5,0.0,0.0,10.0,1.7355429029500615,7.0,11.0,3.0,355.0,50.0
17031241200,19.5,0.0,0.0,6.0,2.243827699182762,7.0,12.0,3.0,173.0,25.0
17031230400,16.5,16.0,1.27,6.0,1.1227561752055042,3.0,12.0,2.0,173.0,37.0
17031220900,19.9,44.0,4.91,9.0,1.9466034303624151,1.0,8.0,3.0,343.0,48.0
17031200600,17.0,0.0,0.0,2.0,0.9721111148997096,3.0,8.0,2.0,65.0,3.0
17031190600,15.2,0.0,57.49,33.0,1.7412521917794417,3.0,14.0,4.0,390.0,77.0
17031171000,18.8,0.0,18.7,23.0,0.2497444891209901,2.0,7.0,3.0,458.0,70.0
17031170100,18.8,129.0,7.02,25.0,0.4028006038255972,2.0,2.0,2.0,202.0,26.0
17031130500,33.0,0.0,19.37,29.0,3.4881056845792844,3.0,12.0,3.0,409.0,110.0
17031110400,22.5,0.0,0.0,9.0,2.058537955002695,1.0,5.0,1.0,136.0,10.0
17031080800,17.8,333.0,8.73,5.0,1.413626430585254,1.0,7.0,2.0,46.0,14.0
17031072000,26.3,0.0,0.93,5.0,2.5446408548009707,3.0,7.0,3.0,348.0,31.0
17031070900,26.3,1.0,0.0,6.0,2.2678440921513903,3.0,3.0,2.0,421.0,50.0
17031061600,23.6,0.0,0.0,5.0,1.5054779162979344,2.0,4.0,3.0,190.0,48.0
17031050900,24.3,0.0,0.0,3.0,1.5833126962617317,0.0,5.0,1.0,102.0,26.0
17031040600,28.3,4.0,0.0,11.0,2.865452813606653,4.0,4.0,2.0,635.0,95.0
17031031500,23.5,380.0,0.0,14.0,4.388621682440951,13.0,7.0,2.0,341.0,46.0
17031740400,18.6,0.0,52.63,23.0,0.0,1.0,4.0,1.0,150.0,12.0
17031820800,12.0,0.0,0.0,0.0,0.0,0.0,1.0,0.0,0.0,0.0
17031720400,40.5,0.0,13.98,5.0,0.0,0.0,1.0,1.0,158.0,14.0
17031720700,40.5,0.0,2.38,12.0,2.66393084071862,1.0,4.0,1.0,198.0,8.0
17031740200,18.6,0.0,0.0,23.0,0.0,1.0,2.0,1.0,133.0,36.0
17031730600,21.4,82.0,0.0,24.0,4.14089550939596,2.0,10.0,2.0,200.0,45.0
17031710400,18.7,0.0,0.0,15.0,1.0601281657492527,3.0,7.0,1.0,265.0,39.0
17031710600,18.7,0.0,0.0,4.0,1.0019310435625977,6.0,8.0,2.0,130.0,28.0
17031710900,18.7,115.0,5.99,14.0,3.4059086401086143,5.0,11.0,2.0,124.0,14.0
17031711100,18.7,0.0,25.2,10.0,0.5005721908673456,3.0,11.0,2.0,164.0,21.0
17031691400,21.4,0.0,0.0,17.0,0.2497932476860795,4.0,5.0,2.0,423.0,61.0
17031700300,15.3,0.0,12.17,21.0,0.0,3.0,4.0,2.0,339.0,51.0
17031710100,18.7,0.0,0.0,5.0,0.8756973876151832,5.0,7.0,1.0,88.0,15.0
17031690200,21.4,0.0,0.75,10.0,0.8854728143226487,2.0,9.0,2.0,23.0,4.0
17031690400,21.4,0.0,0.0,24.0,1.919959395266633,2.0,7.0,3.0,224.0,35.0
17031690700,21.4,0.0,0.0,0.0,1.7746741045951284,1.0,5.0,2.0,8.0,2.0
17031690900,21.4,0.0,0.0,14.0,1.3628553851707077,3.0,7.0,3.0,320.0,47.0
17031680800,24.7,57.0,0.52,5.0,0.2505444139815505,6.0,6.0,2.0,40.0,9.0
17031671100,25.9,0.0,0.0,6.0,1.7546111179705448,1.0,5.0,1.0,49.0,6.0
17031660900,18.5,0.0,315.63,26.0,1.251670598728137,2.0,11.0,3.0,265.0,42.0
17031612200,15.6,0.0,4.42,10.0,1.0026627832799042,0.0,6.0,3.0,90.0,27.0
17031611000,15.6,0.0,1.07,12.0,1.631854543486169,1.0,7.0,2.0,100.0,10.0
17031601100,13.0,0.0,0.0,5.0,0.3522871272916468,2.0,6.0,3.0,98.0,15.0
17031590300,15.0,0.0,2.38,8.0,0.5727136836247209,2.0,5.0,1.0,133.0,14.0
17031580100,12.0,0.0,0.0,16.0,1.3501158023405364,1.0,8.0,2.0,218.0,23.0
17031530500,26.0,150.0,29.88,21.0,4.013587144570729,2.0,6.0,1.0,454.0,43.0
17031320600,17.8,23.0,0.0,21.0,3.8791208413959497,5.0,1.0,2.0,697.0,111.0
17031301700,14.9,0.0,0.0,19.0,3.2645316916174227,3.0,9.0,2.0,491.0,71.0
17031302000,14.9,0.0,0.0,18.0,2.994557364213727,1.0,7.0,3.0,210.0,19.0
17031310200,10.6,0.0,1.98,5.0,0.1856224522642587,5.0,4.0,3.0,188.0,11.0
17031311200,10.6,0.0,0.0,3.0,0.615322793614326,5.0,11.0,1.0,90.0,12.0
17031310900,10.6,45.0,19.279999999999998,20.0,1.3156186460689367,3.0,11.0,2.0,355.0,64.0
17031292200,17.7,0.0,0.18,12.0,2.501120811013852,3.0,11.0,3.0,84.0,13.0
17031292400,17.7,163.0,0.0,10.0,1.755959587151408,3.0,11.0,3.0,119.0,30.0
17031292700,17.7,0.0,0.0,2.0,1.0888299105586274,4.0,6.0,2.0,34.0,8.0
17031300500,14.9,0.0,0.0,6.0,1.8205247140060223,4.0,8.0,2.0,275.0,28.0
17031300700,14.9,10.0,0.49,9.0,0.751643067519721,3.0,9.0,3.0,298.0,30.0
17031301000,14.9,0.0,0.0,4.0,1.6471853374098546,2.0,10.0,1.0,146.0,25.0
17031284200,14.6,0.0,0.0,4.0,0.3144641836165295,3.0,7.0,3.0,61.0,14.0
17031290200,17.7,180.0,0.0,4.0,0.6599343888509506,3.0,8.0,1.0,72.0,26.0
17031290400,17.7,0.0,0.0,7.0,0.988837288805468,2.0,12.0,1.0,79.0,17.0
17031290700,17.7,0.0,0.0,4.0,1.2040885580593663,0.0,9.0,2.0,53.0,15.0
17031291300,17.7,32.0,0.16,9.0,1.5051759703358625,2.0,12.0,2.0,53.0,10.0
17031291500,17.7,218.0,0.0,11.0,0.1919470759049097,2.0,9.0,2.0,78.0,6.0
17031292000,17.7,0.0,0.0,2.0,0.2149724662585102,1.0,9.0,2.0,5.0,0.0
17031282100,14.6,0.0,0.0,11.0,3.7011056945276666,4.0,4.0,3.0,81.0,8.0
17031283400,14.6,0.0,0.0,5.0,1.4313371620123478,2.0,3.0,3.0,0.0,0.0
17031283700,14.6,0.0,0.0,5.0,1.0703371059547662,4.0,9.0,3.0,96.0,20.0
17031283900,14.6,256.0,12.99,13.0,0.751149105562649,7.0,14.0,2.0,117.0,12.0
17031271900,18.4,0.0,4.48,6.0,1.222365509678421,1.0,13.0,2.0,68.0,8.0
17031280200,14.6,139.0,0.0,7.0,4.082812251684322,5.0,5.0,3.0,2176.0,232.0
17031281200,14.6,0.0,0.0,2.0,1.4726226356493064,6.0,8.0,1.0,22.0,1.0
17031281500,14.6,0.0,0.0,15.0,2.469582971472813,7.0,8.0,4.0,165.0,11.0
17031281700,14.6,85.0,6.25,13.0,3.45056617280949,2.0,6.0,3.0,234.0,21.0
17031270200,18.4,113.0,0.63,9.0,3.5540174432594998,4.0,13.0,2.0,318.0,23.0
17031270500,18.4,108.0,0.0,12.0,5.016018808560847,4.0,13.0,3.0,39.0,6.0
17031270700,18.4,0.0,0.0,2.0,2.336357104454782,3.0,11.0,1.0,43.0,6.0
17031271200,18.4,0.0,3.22,11.0,3.337236395655238,3.0,12.0,2.0,94.0,30.0
17031271500,18.4,50.0,0.0,4.0,1.4765281503115126,1.0,10.0,2.0,33.0,2.0
17031271700,18.4,0.0,0.0,6.0,0.8748823463306742,3.0,12.0,1.0,49.0,12.0
17031251900,19.0,0.0,0.0,15.0,1.905606786264284,5.0,9.0,2.0,209.0,51.0
17031252100,19.0,225.0,140.73,49.0,2.001732039233423,4.0,9.0,1.0,507.0,94.0
17031260300,17.9,0.0,1.14,2.0,2.862573543856311,5.0,6.0,2.0,110.0,16.0
17031260500,17.9,0.0,0.0,10.0,1.4672506459167394,5.0,7.0,1.0,105.0,17.0
17031250200,19.0,0.0,0.37,9.0,1.177314063609329,1.0,6.0,2.0,185.0,17.0
17031250400,19.0,0.0,18.82,27.0,2.7026965674837693,2.0,8.0,2.0,564.0,52.0
17031251400,19.0,0.0,8.67,11.0,0.893289105906574,1.0,7.0,2.0,195.0,29.0
17031242000,19.5,0.0,0.0,10.0,2.493065277153625,6.0,10.0,3.0,503.0,111.0
17031242700,19.5,0.0,0.0,5.0,1.3978049905797922,4.0,9.0,2.0,127.0,12.0
17031243000,19.5,0.0,0.34,11.0,0.7524899651898319,5.0,5.0,2.0,269.0,22.0
17031243400,19.5,0.0,0.0,5.0,2.6163832518186294,6.0,6.0,2.0,306.0,59.0
17031243300,19.5,2.0,0.72,7.0,1.8709692988671,6.0,9.0,3.0,333.0,36.0
17031250100,19.0,0.0,0.0,7.0,0.0,1.0,4.0,1.0,68.0,6.0
17031240300,19.5,2.0,0.0,2.0,2.7701170763895235,3.0,7.0,1.0,274.0,47.0
17031240600,19.5,25.0,1.32,3.0,2.246041308283025,6.0,7.0,3.0,112.0,10.0
17031240900,19.5,65.0,210.85,21.0,3.841183978423422,11.0,13.0,3.0,127.0,8.0
17031241100,19.5,3.0,0.17,10.0,1.904366747573567,7.0,12.0,3.0,371.0,62.0
17031241700,19.5,0.0,0.32,4.0,1.4755753102059783,3.0,5.0,2.0,160.0,15.0
17031222500,19.9,3.0,0.0,5.0,0.982361137209076,6.0,5.0,3.0,81.0,17.0
17031231600,16.5,157.0,1.93,11.0,0.8747067701841181,6.0,11.0,2.0,76.0,12.0
17031230300,16.5,15.0,1.18,1.0,1.3608182074011022,2.0,7.0,3.0,59.0,3.0
17031230500,16.5,110.0,4.85,14.0,0.0,2.0,7.0,1.0,320.0,48.0
17031230800,16.5,209.0,0.0,3.0,0.3704371921180221,4.0,6.0,3.0,86.0,2.0
17031231300,16.5,0.0,1.05,16.0,0.0,4.0,12.0,2.0,912.0,71.0
17031220500,19.9,22.0,0.0,8.0,2.3417562435064823,2.0,4.0,2.0,588.0,60.0
17031221000,19.9,3.0,0.0,3.0,0.1785631649560804,1.0,7.0,2.0,136.0,28.0
17031221200,19.9,54.0,8.09,5.0,1.5836874491394914,4.0,6.0,2.0,132.0,17.0
17031221500,19.9,84.0,0.0,9.0,2.5283442625134938,1.0,5.0,3.0,286.0,46.0
17031221700,19.9,0.0,0.0,6.0,3.5189972565441465,2.0,3.0,1.0,276.0,29.0
17031200500,17.0,0.0,0.0,9.0,0.1647132191799648,2.0,9.0,1.0,300.0,49.0
17031210100,16.1,0.0,7.17,16.0,4.845638833311911,1.0,8.0,1.0,454.0,53.0
17031210400,16.1,14.0,0.0,9.0,0.876127723548488,1.0,10.0,0.0,179.0,17.0
17031210600,16.1,25.0,0.0,23.0,3.395592574365338,2.0,8.0,1.0,549.0,68.0
17031220300,19.9,0.0,1.78,7.0,2.559146105856833,2.0,5.0,1.0,131.0,10.0
17031190200,15.2,70.0,0.31,14.0,0.159293179274482,3.0,5.0,1.0,299.0,30.0
17031190500,15.2,0.0,0.0,19.0,0.4996326525620561,1.0,6.0,2.0,287.0,49.0
17031190700,15.2,98.0,3.3,11.0,1.0072424875557624,2.0,10.0,1.0,443.0,83.0
17031191200,15.2,0.0,0.0,21.0,1.4937532761822647,2.0,9.0,1.0,177.0,22.0
17031200100,17.0,0.0,2.94,6.0,1.4106879532344223,1.0,7.0,1.0,200.0,18.0
17031200300,17.0,0.0,0.0,10.0,1.0060116694209364,2.0,4.0,1.0,230.0,24.0
17031170700,18.8,0.0,14.04,8.0,0.0,1.0,2.0,1.0,123.0,17.0
17031160700,24.8,0.0,14.81,12.0,3.26504171232614,3.0,8.0,2.0,318.0,47.0
17031161000,24.8,0.0,0.0,11.0,0.6215431003998707,0.0,6.0,1.0,133.0,18.0
17031161200,24.8,0.0,12.08,5.0,2.436646534291224,1.0,8.0,2.0,156.0,16.0
17031170200,18.8,0.0,9.45,17.0,0.0,2.0,6.0,2.0,204.0,9.0
17031150500,19.4,2.0,14.88,29.0,0.0,2.0,5.0,2.0,283.0,33.0
17031150700,19.4,0.0,0.0,10.0,0.7535512607115185,2.0,6.0,3.0,131.0,8.0
17031151000,19.4,0.0,0.33,18.0,2.181770959106358,2.0,6.0,1.0,485.0,48.0
17031151200,19.4,0.0,0.0,18.0,1.001402901927509,1.0,7.0,3.0,229.0,35.0
17031160500,24.8,51.0,0.0,15.0,3.4406016012290825,2.0,10.0,2.0,421.0,57.0
17031140100,23.8,0.0,0.0,7.0,2.7272267201859632,2.0,8.0,3.0,173.0,46.0
17031140300,23.8,0.0,0.0,11.0,3.426557068411237,2.0,8.0,3.0,431.0,85.0
17031120200,44.2,0.0,9.62,19.0,2.5912420324083487,1.0,3.0,1.0,402.0,54.0
17031130100,33.0,380.0,80.35,27.0,0.9974623624945802,2.0,6.0,2.0,454.0,93.0
17031130300,33.0,0.0,7.2,12.0,1.1870578623535557,2.0,7.0,2.0,394.0,30.0
17031110500,22.5,0.0,12.49,43.0,3.937538954842553,1.0,4.0,2.0,770.0,68.0
17031100500,22.9,0.0,19.689999999999998,12.0,0.0,2.0,3.0,2.0,230.0,27.0
17031100100,22.9,0.0,6.57,11.0,3.157534593988827,1.0,3.0,2.0,433.0,46.0
17031100300,22.9,84.0,20.8,14.0,0.3087591798348833,4.0,7.0,2.0,145.0,8.0
17031080600,17.8,40.0,0.0,9.0,2.05121560292565,3.0,7.0,2.0,898.0,78.0
17031080400,17.8,274.0,0.0,7.0,1.9218215599075967,1.0,9.0,2.0,259.0,40.0
17031063000,23.6,4.0,0.55,11.0,2.0506624514734635,1.0,4.0,3.0,414.0,94.0
17031063300,23.6,173.0,0.0,13.0,2.429386322773233,1.0,2.0,2.0,380.0,88.0
17031070800,26.3,0.0,0.41,4.0,3.517499871011166,3.0,5.0,2.0,365.0,71.0
17031071000,26.3,0.0,1.85,2.0,1.8583214159942223,2.0,5.0,1.0,244.0,18.0
17031070600,26.3,0.0,4.64,5.0,0.7547481312163004,2.0,4.0,2.0,211.0,27.0
17031071100,26.3,0.0,0.0,9.0,1.7395415429870809,2.0,5.0,1.0,575.0,83.0
17031060900,23.6,0.0,0.0,21.0,1.7671952152465131,3.0,4.0,2.0,339.0,37.0
17031061400,23.6,13.0,0.0,2.0,1.43006804514996,2.0,5.0,3.0,207.0,21.0
17031061700,23.6,0.0,0.0,4.0,1.1133983419889233,3.0,4.0,3.0,102.0,17.0
17031061900,19.3,0.0,0.0,15.0,3.5438667655188394,3.0,2.0,2.0,318.0,37.0
17031720300,40.5,0.0,0.0,9.0,0.0,1.0,3.0,1.0,289.0,39.0
17031671800,25.9,0.0,0.0,3.0,0.6279818101624914,3.0,5.0,1.0,43.0,3.0
17031620300,12.7,0.0,13.2,16.0,0.0,1.0,7.0,2.0,211.0,36.0
17031600100,13.0,0.0,0.0,2.0,0.6746538104166825,2.0,5.0,3.0,66.0,11.0
17031540100,24.7,333.0,25.17,23.0,0.0,2.0,10.0,2.0,156.0,17.0
17031431000,23.1,0.0,0.49,13.0,1.942724990501517,3.0,6.0,2.0,73.0,4.0
17031390500,28.0,122.0,0.0,4.0,0.751481496940357,2.0,10.0,1.0,33.0,0.0
17031381300,16.9,0.0,0.0,2.0,1.389457327814296,3.0,6.0,1.0,53.0,8.0
17031360100,18.0,0.0,0.0,0.0,0.9845566790808143,4.0,3.0,2.0,9.0,0.0
17031310100,10.6,0.0,0.0,4.0,1.611878193575622,6.0,8.0,2.0,409.0,27.0
17031301100,14.9,0.0,0.0,6.0,1.8131811792772,3.0,15.0,1.0,131.0,17.0
17031280800,14.6,191.0,2.21,8.0,2.1608244586686003,2.0,10.0,1.0,62.0,4.0
17031271400,18.4,36.0,0.0,10.0,3.250281296891878,2.0,11.0,3.0,92.0,22.0
17031250600,19.0,0.0,0.0,15.0,1.8525408485852104,2.0,3.0,2.0,308.0,61.0
17031231800,16.5,0.0,0.0,4.0,0.8827329381298047,3.0,7.0,2.0,54.0,1.0
17031222100,19.9,0.0,0.0,2.0,2.380977242665084,2.0,4.0,1.0,100.0,20.0
17031191100,15.2,17.0,6.88,23.0,0.7130196928358532,2.0,6.0,2.0,578.0,67.0
17031120300,44.2,0.0,16.48,20.0,1.7896147388928194,0.0,3.0,2.0,417.0,38.0
17031070400,26.3,0.0,3.27,4.0,0.5574044088108654,2.0,4.0,3.0,241.0,29.0
17031711400,18.7,0.0,0.0,15.0,1.8102910246676096,1.0,8.0,3.0,259.0,41.0
17031560400,12.0,56.0,0.0,6.0,0.0,1.0,6.0,1.0,100.0,14.0
17031440800,20.1,0.0,0.0,9.0,0.4761486801560448,2.0,5.0,0.0,68.0,6.0
17031410100,27.5,36.0,25.4,10.0,1.8006857935807243,1.0,4.0,1.0,204.0,20.0
17031291800,17.7,0.0,0.0,8.0,1.4036604038173957,2.0,10.0,2.0,36.0,10.0
17031280500,14.6,92.0,2.13,5.0,2.4140833295232005,6.0,9.0,2.0,787.0,73.0
17031231000,16.5,69.0,0.08,21.0,1.0027529513641171,6.0,10.0,2.0,241.0,51.0
17031090100,23.4,0.0,0.0,0.0,0.0,0.0,3.0,0.0,201.0,28.0
17031730100,21.4,0.0,13.96,7.0,0.2320437392189988,2.0,6.0,2.0,100.0,17.0
17031730700,21.4,0.0,12.32,15.0,3.182364689941603,1.0,7.0,2.0,155.0,29.0
17031700500,15.3,85.0,20.63,28.0,3.159984123633908,1.0,11.0,2.0,472.0,64.0
17031690300,21.4,24.0,0.0,21.0,1.5929158792383171,1.0,8.0,1.0,96.0,26.0
17031691000,21.4,0.0,3.1,18.0,0.8852128917270665,1.0,6.0,2.0,286.0,79.0
17031680100,24.7,0.0,5.75,12.0,0.0,1.0,7.0,2.0,42.0,6.0
17031681000,24.7,181.0,0.0,11.0,2.4735835286588035,7.0,9.0,2.0,198.0,29.0
17031670300,25.9,0.0,4.36,7.0,0.0,0.0,7.0,2.0,87.0,23.0
17031670900,25.9,0.0,0.0,9.0,0.4983859480427485,3.0,4.0,3.0,63.0,8.0
17031671600,25.9,89.0,0.0,9.0,1.65200891764429,1.0,5.0,2.0,104.0,19.0
17031660500,18.5,102.0,0.0,11.0,1.2635825385850872,2.0,5.0,2.0,195.0,45.0
17031640200,8.8,0.0,0.0,12.0,0.0,0.0,1.0,1.0,23.0,0.0
17031650100,10.7,0.0,0.0,11.0,0.2727905232635544,3.0,9.0,2.0,248.0,38.0
17031630100,14.6,0.0,0.96,7.0,0.1810079555466198,0.0,13.0,2.0,70.0,7.0
17031630600,14.6,0.0,0.0,6.0,0.1160325771964572,1.0,10.0,2.0,95.0,1.0
17031610800,15.6,0.0,0.0,2.0,0.3151932521756768,1.0,4.0,3.0,28.0,7.0
17031611200,15.6,0.0,0.22,8.0,0.0,2.0,10.0,2.0,278.0,45.0
17031601400,13.0,0.0,3.54,11.0,0.2494571717290102,1.0,2.0,3.0,378.0,22.0
17031580600,12.0,0.0,7.28,11.0,1.3352652561064695,2.0,10.0,3.0,250.0,23.0
17031590100,15.0,0.0,0.0,6.0,0.0,2.0,5.0,2.0,111.0,19.0
17031600200,13.0,0.0,0.2,5.0,0.0919236793472643,2.0,4.0,2.0,54.0,3.0
17031570400,8.3,0.0,9.03,15.0,0.0,2.0,9.0,2.0,141.0,25.0
17031560200,12.0,0.0,12.56,4.0,0.0,0.0,2.0,1.0,76.0,12.0
17031561000,12.0,87.0,0.0,17.0,0.0,2.0,4.0,2.0,269.0,40.0
17031520100,15.8,0.0,181.29,12.0,4.177995038634623,5.0,6.0,1.0,150.0,27.0
17031530200,26.0,0.0,0.36511340773,20.0,1.5516395545409252,2.0,6.0,2.0,180.0,42.0
17031510200,14.1,0.0,4.24,29.0,0.169914940871592,1.0,3.0,2.0,125.0,15.0
17031490500,22.3,0.0,25.0,30.0,2.28232965860578,2.0,8.0,2.0,81.0,12.0
17031460300,19.3,23.0,0.0,13.0,0.4537442745307588,4.0,15.0,2.0,230.0,36.0
17031480400,20.4,134.0,0.0,31.0,0.3254793897476665,0.0,8.0,3.0,180.0,5.0
17031450200,22.0,0.0,28.400000000000002,20.0,0.7111598689454369,5.0,7.0,3.0,375.0,60.0
17031431300,23.1,84.0,0.0,15.0,1.6591883651795074,2.0,8.0,1.0,318.0,40.0
17031440200,20.1,90.0,6.7,27.0,0.0,5.0,8.0,3.0,753.0,105.0
17031430100,23.1,55.0,72.14,23.0,2.805495564320235,2.0,5.0,1.0,418.0,45.0
17031430700,23.1,0.0,0.0,12.0,1.127501628235036,3.0,3.0,1.0,151.0,21.0
17031411200,27.5,0.0,1.03,10.0,1.2032610393708976,1.0,6.0,2.0,130.0,15.0
17031420400,22.1,167.0,2.37,13.0,0.0,4.0,4.0,1.0,65.0,9.0
17031400200,21.9,0.0,0.0,8.0,0.0,3.0,7.0,2.0,13.0,3.0
17031380200,16.9,357.0,0.0,4.0,1.4711899807727784,7.0,10.0,3.0,71.0,10.0
17031381600,16.9,0.0,0.0,4.0,0.0,2.0,5.0,2.0,1.0,0.0
17031340500,13.1,0.0,9.05,9.0,0.7071981901018121,5.0,9.0,3.0,108.0,24.0
17031350600,21.6,2.0,0.0,14.0,2.742601316428474,7.0,11.0,2.0,84.0,19.0
17031351400,21.6,173.0,0.0,8.0,1.8171829745587045,7.0,10.0,3.0,114.0,19.0
17031370100,12.3,0.0,0.0,12.0,0.254355854310958,7.0,6.0,5.0,71.0,10.0
17031340100,13.1,0.0,0.0,10.0,2.9404012167746543,5.0,7.0,1.0,502.0,178.0
17031311500,10.6,0.0,0.0,11.0,1.797817132796378,6.0,9.0,3.0,475.0,3.0
17031301600,14.9,29.0,0.22,3.0,1.6180730491019613,2.0,7.0,2.0,285.0,37.0
17031310400,10.6,0.0,0.0,2.0,0.0,5.0,9.0,2.0,273.0,7.0
17031311100,10.6,0.0,0.0,4.0,0.6148561659777032,4.0,9.0,1.0,73.0,3.0
17031300100,14.9,0.0,0.0,4.0,1.401781132002219,5.0,13.0,2.0,196.0,38.0
17031300800,14.9,0.0,0.0,9.0,1.001123525776899,1.0,13.0,3.0,376.0,47.0
17031290500,17.7,322.0,7.27,3.0,1.8201831600170653,2.0,12.0,2.0,48.0,10.0
17031291100,17.7,32.0,0.16,10.0,2.895982150259032,2.0,15.0,3.0,165.0,48.0
17031291700,17.7,2.0,0.0,5.0,1.433101743569647,3.0,15.0,2.0,41.0,3.0
17031282700,14.6,0.0,0.0,11.0,0.9810897690358756,2.0,12.0,1.0,157.0,29.0
17031080900,17.8,116.0,0.0,4.0,2.2922758796967044,1.0,7.0,2.0,123.0,23.0
17031283300,14.6,0.0,0.0,7.0,0.8436610452258735,2.0,7.0,3.0,51.0,17.0
17031284000,14.6,0.0,0.0,3.0,0.0,5.0,13.0,2.0,88.0,8.0
17031280400,14.6,250.0,1.757,5.0,2.314135082483898,10.0,12.0,3.0,323.0,11.0
17031281400,14.6,15.0,0.0,2.0,1.22673486197576,6.0,7.0,2.0,38.0,3.0
17031260800,17.9,0.0,0.0,11.0,2.6809001026799764,2.0,9.0,2.0,239.0,46.0
17031270400,18.4,0.0,176.35,5.0,3.786189809536448,4.0,14.0,2.0,78.0,17.0
17031271100,18.4,271.0,0.0,12.0,3.1505115134033104,2.0,14.0,3.0,112.0,16.0
17031251800,19.0,0.0,0.25,16.0,4.567165039463111,9.0,10.0,3.0,443.0,50.0
17031250300,19.0,0.0,0.0,9.0,2.683591972328482,2.0,8.0,1.0,211.0,23.0
17031250500,19.0,0.0,13.47,23.0,0.2497220440759555,0.0,4.0,2.0,422.0,74.0
17031251300,19.0,0.0,0.0,18.0,0.523522335878392,2.0,5.0,3.0,260.0,46.0
17031242300,19.5,0.0,0.0,9.0,1.666846802829434,2.0,12.0,2.0,420.0,51.0
17031242900,19.5,0.0,0.0,8.0,0.7838554922061831,3.0,9.0,2.0,325.0,18.0
17031231700,16.5,176.0,0.16,18.0,1.4705689841136174,5.0,15.0,2.0,172.0,20.0
17031240700,19.5,77.0,0.0,4.0,1.976894338309936,7.0,5.0,3.0,77.0,6.0
17031241300,19.5,0.0,0.0,1.0,1.5231822799061845,2.0,9.0,2.0,98.0,14.0
17031222400,19.9,6.0,0.0,4.0,1.518394803815225,6.0,6.0,3.0,71.0,3.0
17031230100,16.5,0.0,0.0,2.0,2.304125006150337,7.0,6.0,2.0,51.0,2.0
17031231100,16.5,0.0,0.39,5.0,0.4920418871564946,6.0,7.0,2.0,48.0,14.0
17031220600,19.9,100.0,1.44,25.0,1.7546174584589769,1.0,6.0,2.0,580.0,82.0
17031221900,19.9,0.0,3.46,10.0,2.874158852901602,4.0,4.0,2.0,104.0,6.0
17031210200,16.1,0.0,1.31,16.0,2.666295391087203,2.0,11.0,1.0,316.0,26.0
17031210800,16.1,5.0,0.16,5.0,2.3400087605366946,1.0,6.0,1.0,108.0,8.0
17031190400,15.2,0.0,0.0,34.0,0.0,3.0,8.0,3.0,717.0,109.0
17031191300,15.2,86.0,0.4,38.0,1.1756922466682196,2.0,11.0,3.0,736.0,90.0
17031170600,18.8,0.0,0.0,7.0,0.0,0.0,1.0,1.0,54.0,0.0
17031180200,18.6,2.0,0.0,15.0,0.0,1.0,3.0,3.0,383.0,61.0
17031160900,24.8,0.0,8.82,14.0,1.1347605858449443,1.0,10.0,1.0,215.0,25.0
17031150400,19.4,0.0,0.0,40.0,0.3757903893357973,3.0,6.0,2.0,480.0,73.0
17031151100,19.4,0.0,9.28,13.0,1.760923579880184,2.0,5.0,2.0,290.0,26.0
17031130400,33.0,0.0,0.0,4.0,2.399177139370418,3.0,9.0,2.0,48.0,9.0
17031120100,44.2,0.0,10.4,43.0,3.939503970916415,1.0,3.0,2.0,137.0,10.0
17031090300,23.4,0.0,11.36,1.0,0.0,0.0,2.0,1.0,158.0,5.0
17031081000,17.8,148.0,2.84,24.0,2.993862274448173,2.0,5.0,2.0,580.0,65.0
17031081800,17.8,64.0,6.07,21.0,5.21299263718775,4.0,5.0,4.0,4143.0,231.0
17031071900,26.3,0.0,0.63,9.0,1.72480214577972,1.0,7.0,2.0,402.0,44.0
17031080300,17.8,191.0,0.0,13.0,3.1116047282691417,1.0,10.0,2.0,792.0,125.0
17031063400,23.6,0.0,0.0,8.0,1.0699064781558911,1.0,3.0,2.0,478.0,102.0
17031070700,26.3,92.0,0.25,12.0,4.323251894292917,1.0,5.0,3.0,293.0,43.0
17031061100,23.6,2.0,0.0,5.0,0.2985893495324258,3.0,4.0,3.0,312.0,37.0
17031061800,23.6,0.0,0.0,6.0,1.3956314447931548,3.0,4.0,2.0,72.0,14.0
17031062500,23.6,2.0,0.0,2.0,1.3921827326403386,2.0,5.0,1.0,294.0,53.0
17031730400,21.4,0.0,9.99,31.0,3.764009162506455,3.0,8.0,3.0,168.0,27.0
17031691200,21.4,0.0,7.1000000000000005,24.0,2.159281029496722,4.0,8.0,2.0,229.0,27.0
17031680900,24.7,140.0,0.25,15.0,1.3379330482331533,7.0,11.0,1.0,173.0,50.0
17031671000,25.9,0.0,57.04,6.0,1.8798175609750467,3.0,6.0,2.0,32.0,2.0
17031660600,18.5,0.0,0.0,13.0,1.792306222072014,6.0,10.0,3.0,464.0,94.0
17031640800,8.8,0.0,0.0,9.0,0.0,0.0,2.0,1.0,85.0,28.0
17031630400,14.6,0.0,0.0,17.0,0.0,2.0,14.0,4.0,317.0,55.0
17031611600,15.6,0.0,1.26,11.0,0.5300431066654582,0.0,10.0,3.0,66.0,7.0
17031601000,13.0,0.0,0.07,6.0,0.2505075271444547,1.0,5.0,2.0,164.0,36.0
17031581000,12.0,0.0,0.0,10.0,0.0,2.0,8.0,3.0,128.0,14.0
17031570300,8.3,0.0,14.09,13.0,0.0,2.0,9.0,1.0,418.0,84.0
17031560900,12.0,0.0,4.85,8.0,0.0,2.0,3.0,1.0,347.0,40.0
17031490400,22.3,0.0,0.11,8.0,0.5719976503642255,1.0,4.0,0.0,38.0,9.0
17031460500,19.3,0.0,0.48,28.0,2.107228406367886,3.0,11.0,3.0,328.0,32.0
17031450100,22.0,102.0,0.0,10.0,1.6942878828892902,4.0,3.0,2.0,58.0,10.0
17031440100,20.1,72.0,0.0,16.0,0.0,3.0,7.0,3.0,491.0,95.0
17031430300,23.1,64.0,0.5,12.0,1.5003515126495508,1.0,8.0,2.0,145.0,27.0
17031420200,22.1,101.0,0.5700000000000001,11.0,0.4051228288193232,1.0,5.0,1.0,70.0,9.0
17031400400,21.9,84.0,0.72,7.0,0.801656451434403,2.0,6.0,3.0,95.0,12.0
17031680600,24.7,0.0,0.28,8.0,0.3060555275587069,5.0,4.0,3.0,95.0,20.0
17031490200,22.3,0.0,0.0,11.0,0.4459152029896673,3.0,5.0,1.0,105.0,27.0
17031351100,21.6,36.0,0.0,5.0,2.044081472780077,8.0,9.0,2.0,54.0,3.0
17031252000,19.0,240.0,0.0,15.0,2.043313623320511,1.0,5.0,1.0,231.0,26.0
17031231500,16.5,158.0,0.8,14.0,1.8864461313030076,5.0,14.0,2.0,293.0,68.0
17031070300,26.3,0.0,0.58,8.0,1.5258359565940822,1.0,4.0,2.0,650.0,109.0
17031020900,26.0,89.0,2.96,15.0,2.6855967275017107,1.0,5.0,4.0,491.0,105.0
17031252400,19.0,0.0,0.0,15.0,0.0,2.0,5.0,0.0,331.0,37.0
17031530100,26.0,42.0,4.88,16.0,0.0,0.0,4.0,1.0,181.0,40.0
17031222700,19.9,21.0,0.0,7.0,2.204500545435637,3.0,7.0,2.0,152.0,34.0
17031500200,19.3,210.0,0.23,22.0,3.2001063207599234,2.0,8.0,2.0,183.0,20.0
17031390600,28.0,0.0,7.08,5.0,0.7737060866412804,2.0,9.0,1.0,61.0,0.0
17031010400,27.4,0.0,46.7,9.0,1.874190618898244,0.0,4.0,2.0,195.0,46.0
17031242200,19.5,4.0,1.67,6.0,2.9001223250255306,2.0,12.0,2.0,360.0,48.0
17031680300,24.7,0.0,0.24,10.0,0.7528472701949622,2.0,7.0,2.0,66.0,10.0
17031612000,15.6,0.0,0.0,9.0,0.3770196428834746,1.0,5.0,1.0,46.0,10.0
17031400800,21.9,179.0,0.0,18.0,0.2494605537620692,2.0,7.0,2.0,86.0,16.0
17031710300,18.7,0.0,0.0,4.0,0.3839738188597261,7.0,5.0,1.0,57.0,9.0
