census_tract,Tree_Canopy,Affordable_Housing,Parks,Transit_Stop,Bike_Miles,Wifi_Hotspots,School_Density,Library_Count,Small_Business,Grocery_Store,Tract_Area_SqMi,Population
17031010100,28.693841171092345,34.2508,94.8235,2.039,3.2305,7.5586,6.116,2.039,37.5127,6.7278,0.1323,4905
17031010201,35.93646552748992,16.4289,96.5188,4.323,1.574,10.3146,10.088,2.882,32.2813,5.9086,0.1939,6939
17031010202,26.445094244703625,141.5026,163.4514,43.764,3.1612,14.7929,25.529,7.294,121.4442,22.2465,0.1352,2742
17031010300,34.13485568543541,108.6439,220.0543,22.205,2.097,11.2676,7.93,1.586,58.8422,4.7581,0.1775,6305
17031010400,25.42578740255173,231.9354,287.6988,17.72,2.1565,0.0,7.876,3.938,38.3934,9.0569,0.1921,5079
17031010501,28.88637924127796,162.8626,571.4507,19.02,5.1398,12.4069,11.888,2.378,41.6072,5.7061,0.0806,4206
17031010502,30.57670656648308,291.6412,445.9194,12.203,5.7772,14.8368,12.203,6.101,41.4887,13.7279,0.0674,3278
17031010503,30.408752455809285,417.154,92.0991,19.493,0.0428,26.738,11.696,7.797,56.1404,13.2554,0.0748,2565
17031010600,36.93975319155595,208.0321,104.0683,16.064,1.2205,15.6904,11.245,3.213,80.4819,7.8715,0.1912,6225
17031010701,43.3827650113391,34.8489,204.9991,21.781,5.4015,6.0096,21.781,5.445,26.6812,0.8168,0.1664,3673
17031010702,24.96543613201336,143.4255,101.0717,27.219,1.8202,14.5455,14.657,4.188,164.1541,27.8476,0.1375,4776
17031020100,29.109544193111013,16.1828,128.6627,16.659,0.0,0.0,11.899,4.76,55.6878,6.1875,0.1575,4202
17031020200,31.336098991610417,1.9641,94.46,28.058,4.2671,0.0,5.612,2.806,46.7172,6.5937,0.4793,7128
17031020301,23.959032063061755,2.6611,161.7446,26.611,7.2647,9.3342,7.603,1.901,23.7597,5.3222,0.3214,5261
17031020302,32.702188912332346,3.3932,266.0439,33.932,4.1046,8.0972,11.976,3.992,33.1337,7.984,0.247,5010
17031020400,37.02782254850893,16.009,422.8131,27.057,9.4426,4.6318,15.784,4.51,35.6257,6.5389,0.2159,4435
17031020500,30.669031237015314,16.5177,314.881,16.669,9.1499,10.0671,9.092,4.546,57.1299,15.3053,0.298,6599
17031020601,27.717200269582847,34.7813,133.435,17.913,2.8471,17.8253,5.971,2.986,60.4568,13.1363,0.2244,6699
17031020602,29.37668880426022,28.743,282.7648,12.87,8.1975,15.7978,12.87,6.435,86.0146,15.873,0.1899,4662
17031020701,29.96673925116976,116.0192,315.258,117.084,4.8572,17.4825,26.61,10.644,221.9266,27.6743,0.2288,1879
17031020702,26.04834840656197,28.3789,238.4536,22.029,4.3098,22.2058,6.479,2.592,37.5794,5.9609,0.2702,7717
17031020801,27.076880234346422,21.0694,165.6602,24.788,0.0,15.7978,7.082,3.541,73.3003,13.4561,0.2532,5648
17031020802,27.868197324244708,16.1675,160.8735,22.528,1.0274,24.1352,7.951,2.65,105.4864,21.7334,0.2486,7546
17031020901,23.002890056720723,16.0739,196.04,17.1,3.352,0.0,3.42,5.13,56.9425,13.5089,0.1894,5848
17031020902,27.302370645642423,24.5098,63.1952,11.141,4.3729,5.1706,8.913,8.913,35.205,5.7932,0.1934,4488
17031030101,20.64583696166381,272.8506,434.2326,8.137,1.3947,41.6667,8.137,2.712,53.9734,9.764,0.048,3687
17031030102,17.99986572630535,288.6895,253.5659,9.612,0.0,47.9616,9.612,3.204,64.082,14.7389,0.0417,3121
17031030103,21.32285911379625,289.924,121.0047,19.011,0.0,58.309,9.506,9.506,52.7567,9.5057,0.0343,2104
17031030104,14.295946177875871,172.3942,118.9244,11.36,0.0,57.3066,5.68,5.68,20.1647,3.9761,0.0349,3521
17031030200,36.2939207197567,197.4409,44.9115,24.88,3.0508,11.7509,8.886,3.554,96.6767,16.3497,0.2553,5627
17031030300,34.64294906809196,34.3075,90.916,19.06,6.438,16.5563,12.706,9.53,62.2618,7.6239,0.1208,3148
17031030400,27.92870106695501,41.5864,53.0209,38.506,5.4426,14.8699,15.402,7.701,92.4143,11.1667,0.1345,2597
17031030500,34.06211539527264,99.9515,44.9031,27.495,3.042,12.4688,8.087,3.235,66.7961,10.351,0.2406,6183
17031030601,19.28825155873536,154.874,594.634,12.147,9.2828,34.7222,9.11,3.037,23.9903,1.822,0.0576,3293
17031030603,19.53461608469253,196.577,873.4634,14.67,26.1121,44.6429,14.67,9.78,73.8386,15.6479,0.0448,2045
17031030604,22.5504203591107,107.5729,1162.0997,10.704,26.9503,36.2976,5.352,5.352,33.4493,1.0704,0.0551,3737
17031030701,22.07422242428797,245.9605,1446.1101,5.984,61.9193,37.037,17.953,11.969,77.7977,17.9533,0.027,1671
17031030703,24.43543406090179,271.8699,497.8764,29.268,26.9149,53.6913,9.756,6.504,53.3333,7.4797,0.0745,3075
17031030706,26.43523634467742,285.0324,884.2228,30.685,30.6517,29.0065,13.638,6.819,48.4146,4.4323,0.1379,2933
17031030800,36.82285769039829,203.5481,12.0172,21.008,2.2541,22.8102,14.006,4.669,125.817,23.1092,0.2192,4284
17031030900,28.936197757951305,30.4878,9.0028,60.976,1.6007,0.0,16.938,6.775,209.0108,20.3252,0.1577,2952
17031031000,28.161231412151764,87.9007,31.011,23.268,3.4212,36.4964,15.512,5.171,99.2761,12.9266,0.1644,3868
17031031100,28.14322361327196,227.67,28.824,25.581,6.2124,56.5238,14.922,6.395,77.8086,10.0192,0.2123,4691
17031031200,19.095437602863864,209.529,175.4607,19.852,15.6701,95.1626,7.219,3.609,116.044,27.2514,0.1261,5541
17031031300,29.5846656460223,161.1847,759.7717,31.255,24.6959,50.8788,5.953,2.977,21.5806,0.4465,0.2162,6719
17031031400,21.413186894125182,200.3448,714.0522,63.206,7.9387,20.4743,13.407,3.831,54.5872,3.8307,0.5861,5221
17031031501,22.76964815244199,282.0698,1288.905,9.627,46.1725,210.6969,12.034,4.813,32.7316,3.1288,0.0617,4155
17031031502,22.961260749785225,210.5263,896.1063,21.222,29.4746,160.5136,12.733,4.244,43.5059,7.0034,0.0623,4712
17031031700,31.108362337306456,231.3314,41.722,19.066,9.8903,81.4775,12.711,4.766,72.6088,9.5329,0.1841,6294
17031031800,24.616021003994728,209.9476,56.1921,31.414,8.3021,99.1189,20.942,15.707,103.6649,10.9948,0.0908,1910
17031031900,29.85130647061875,153.4496,53.4452,23.791,7.6007,80.402,19.826,11.895,109.437,5.9477,0.0995,2522
17031032100,25.368931391785377,136.1527,274.2973,29.166,7.9835,60.6428,9.28,2.651,48.787,3.9772,0.1649,7543
17031040100,34.1409373015528,38.1562,60.0244,46.095,2.1597,2.589,23.047,10.243,59.9232,1.7926,0.7725,3905
17031040201,24.764715132956912,14.5131,116.2316,39.014,5.6188,10.7836,6.242,4.682,75.2185,12.7965,0.2782,6408
17031040202,24.55984812622462,0.6832,66.0039,24.597,1.6629,8.7912,6.832,4.099,45.9142,7.3791,0.2275,7318
17031040300,36.976377893724425,46.4481,265.6623,30.738,7.5794,13.5501,34.153,10.246,29.3716,2.7322,0.2952,2928
17031040401,30.9804751449844,12.7836,153.9479,22.371,10.1467,20.4221,15.98,6.392,73.5059,15.3404,0.1469,3129
17031040402,29.82426924297436,10.7459,96.3979,31.606,3.9353,17.0503,6.321,6.321,80.2781,15.1707,0.2346,4746
17031040600,30.683607736667472,20.1581,126.1511,43.478,1.2263,31.2989,15.81,7.905,250.9881,37.5494,0.1278,2530
17031040700,30.92717822985789,45.5342,191.7143,23.351,9.9885,21.7707,11.675,5.838,132.2242,37.0695,0.1378,3426
17031040800,31.69913625569279,59.9022,493.0539,24.45,14.7173,33.86,18.337,6.112,69.6822,5.5012,0.0886,1636
17031040900,33.613956697958,46.5342,127.4484,48.473,0.0,40.2253,19.389,4.847,198.255,17.4503,0.1243,2063
17031050100,27.71980781683361,32.3209,2.5695,38.941,0.9767,30.9837,19.47,11.682,120.7165,15.9657,0.1291,2568
17031050200,29.71429754340905,14.5037,97.4447,26.37,0.5006,15.8793,9.418,1.884,106.7998,15.8222,0.2519,5309
17031050300,24.95930860538548,55.0356,603.7663,22.463,15.0635,19.1693,14.976,3.744,79.7454,8.611,0.1565,2671
17031050500,31.79560083209802,13.4845,37.7834,29.314,0.5004,3.9683,11.726,3.909,124.0962,4.8857,0.252,5117
17031050600,30.208332794755847,35.2026,5.5676,28.653,0.9828,15.5885,28.653,8.187,166.5984,22.5133,0.1283,2443
17031050700,35.875775155756685,114.3424,18.0465,26.438,3.9292,15.6986,33.047,6.609,54.197,3.3047,0.0637,1513
17031050800,30.510827017836554,1.4225,12.8645,28.45,7.9513,15.8983,42.674,7.112,269.559,14.936,0.0629,1406
17031050900,29.175818441659825,0.0,0.0,21.038,13.2458,0.0,35.063,7.013,71.5288,18.2328,0.0628,1426
17031051000,26.796951977316404,0.0,63.2737,19.506,25.6967,0.0,39.012,6.502,100.13,3.9012,0.0642,1538
17031051100,31.95240923922277,59.4121,156.7961,31.27,17.1644,15.9236,50.031,6.254,195.122,16.2602,0.0628,1599
17031051200,33.13699321303076,163.1879,155.6097,25.3,7.224,31.4961,31.626,6.325,50.6009,0.0,0.0635,1581
17031051300,32.77164083977842,120.399,97.1866,30.96,12.9711,16.0643,20.64,6.88,44.0316,3.096,0.1245,2907
17031051400,31.08760554658094,75.0401,69.7929,28.09,18.9525,7.0175,20.064,4.013,60.5939,2.809,0.1425,2492
17031060100,35.6729337782034,200.0,2.9464,24.735,6.244,47.3934,17.668,14.134,44.1696,7.7739,0.1266,2830
17031060200,31.18954578962413,44.9633,3.9803,8.647,4.0302,24.4101,21.617,17.294,188.4998,12.9702,0.1229,2313
17031060300,33.61802640625925,39.6619,9.1616,19.506,0.0,8.0972,16.255,9.753,98.1795,6.827,0.1235,3076
17031060400,33.24757603398266,99.4877,11.79,18.873,2.184,7.9681,13.481,5.392,110.8115,17.7946,0.1255,3709
17031060500,36.62572558208333,248.9083,42.5732,43.668,3.1058,34.0522,29.112,21.834,69.1412,10.917,0.0881,1374
17031060800,21.613695096609653,65.5335,1213.8999,20.774,15.0726,42.6136,7.554,3.777,31.9169,3.7771,0.0704,5295
17031060900,22.919553204989924,48.4234,638.1892,29.561,6.693,14.5914,5.631,2.815,47.8604,5.3491,0.2056,7104
17031061000,24.16915619662487,178.5871,54.036,8.776,7.7729,44.9102,21.939,13.164,170.2501,6.5818,0.0668,2279
17031061100,19.98289427470788,301.3899,57.1623,36.576,4.4734,44.9102,29.261,21.946,228.237,27.0666,0.0668,1367
17031061200,29.77103312185094,234.472,30.6508,15.528,2.5377,29.6736,31.056,15.528,86.4389,17.0807,0.0674,1932
17031061500,34.64408356165067,176.4051,22.2867,5.565,3.519,63.4921,27.824,16.694,68.4474,8.9037,0.063,1797
17031061800,24.402584530535595,158.8963,949.4366,57.088,22.4473,94.0439,38.059,19.029,68.5062,13.3206,0.0319,1051
17031061901,25.47383923946417,76.9655,1390.2562,13.793,17.8091,47.4684,5.517,5.517,63.4483,12.6897,0.0632,3625
17031061902,14.018571316310297,58.7353,836.4674,21.436,8.1979,16.1464,4.287,4.287,22.0793,0.2144,0.1858,4665
17031062000,27.375449397479496,116.7781,41.1554,24.622,9.9217,34.6821,10.552,7.035,116.4263,18.994,0.0865,2843
17031062100,24.243814515359656,41.6558,6.6436,23.579,9.1292,31.7797,10.479,7.86,270.1074,32.7482,0.0944,3817
17031062200,28.952157949941736,98.9519,14.177,3.083,7.3585,42.508,15.413,12.33,152.5894,12.947,0.0941,3244
17031062300,31.04436918573022,139.772,18.7834,17.996,1.5472,31.6957,23.995,17.996,88.1824,10.7978,0.0631,1667
17031062400,29.132929748491403,132.098,16.3251,11.955,0.0,31.7965,23.909,11.955,86.6707,10.1614,0.0629,1673
17031062500,26.168557808613883,100.2985,11.6241,11.94,0.0,32.1543,29.851,5.97,175.5224,31.6418,0.0622,1675
17031062600,23.53935435655952,141.3,17.9884,20.186,2.9789,15.6986,20.186,8.074,140.0888,8.8817,0.1274,2477
17031062700,26.402723524188925,73.7733,26.503,27.073,0.0,15.9363,20.305,10.152,180.7107,21.9966,0.1255,2955
17031062800,30.3020752367283,59.2054,11.8667,10.387,0.0,23.8663,10.387,7.79,102.8304,18.4368,0.1257,3851
17031062900,33.4582039054939,56.0,20.4833,4.848,4.3889,23.8474,7.273,7.273,53.3333,6.7879,0.1258,4125
17031063000,23.373618735879774,77.5534,11.2391,32.192,10.933,7.9872,11.706,8.78,121.1589,27.5095,0.1252,3417
17031063100,24.78090699514624,105.6397,13.9885,42.088,16.6094,16.1812,16.835,8.418,146.0438,37.4579,0.0618,2376
17031063200,20.69486404736824,28.9855,779.5454,20.29,11.0245,5.7537,2.899,1.449,42.4638,5.2174,0.1738,6900
17031063301,25.27175920309768,68.1257,488.8416,10.589,18.6772,27.4725,7.06,7.06,74.1264,22.2379,0.0364,2833
17031063302,24.45602435326945,41.7304,2049.5351,17.479,28.1972,21.1416,4.37,2.185,31.0247,4.1512,0.0473,4577
17031063303,26.72308538281159,138.9325,1639.4832,15.699,18.758,10.8696,15.699,7.849,21.978,4.7096,0.092,1274
17031063400,21.53603114946827,105.089,8.8596,33.099,17.3984,16.2602,12.412,8.275,197.7658,42.2011,0.0615,2417
17031070101,24.27316595200796,58.2594,873.1391,23.975,9.764,0.0,4.795,4.795,59.9377,15.8235,0.2716,4171
17031070102,21.812611972067856,79.9869,1452.0283,13.059,21.8007,0.0,6.53,6.53,106.4316,19.2622,0.0474,3063
17031070103,31.35071989796508,130.6233,1139.7526,10.84,16.0053,0.0,10.84,10.84,86.7209,18.9702,0.0269,1845
17031070200,29.44822273924925,58.3333,135.436,21.429,9.7718,7.57,11.905,4.762,88.8095,21.4286,0.1321,4200
17031070300,30.251940161296066,56.7947,35.0764,18.395,12.1786,7.9808,9.198,4.599,149.4596,25.0632,0.1253,4349
17031070400,33.3533664281138,22.4615,57.6768,12.308,3.9873,15.9744,12.308,9.231,74.1538,8.9231,0.1252,3250
17031070500,30.371625466342127,0.301,95.8477,9.031,4.1882,16.9492,12.041,9.031,36.1228,2.1072,0.118,3322
17031070600,30.386748052239867,15.3668,58.5601,14.497,5.6959,15.0943,11.598,5.799,61.1772,7.8284,0.1325,3449
17031070700,19.368339409998907,49.7432,25.1024,32.441,14.7469,3.686,13.517,8.11,79.2106,11.6248,0.2713,3699
17031071000,35.279677614897125,15.8366,51.3618,4.59,9.4147,15.9617,11.476,2.295,56.0018,4.1313,0.1253,4357
17031071100,39.218624561826765,22.3229,163.1862,29.117,8.8958,15.9109,16.176,3.235,186.0239,26.8522,0.1257,3091
17031071200,34.334349501260824,22.8725,124.8416,43.727,6.4515,7.9681,23.545,3.364,106.9627,36.3269,0.1255,2973
17031071300,39.969128307808646,17.4672,630.2606,17.981,7.9453,0.0,15.412,5.137,56.7686,7.4493,0.1191,3893
17031071400,28.13694723711309,13.7042,957.7843,32.245,13.3816,0.0,12.092,4.031,83.031,11.0842,0.2834,4962
17031071500,24.622611546512392,62.8781,590.2389,39.796,11.4112,2.6219,11.143,3.184,137.0583,8.596,0.3814,6282
17031071600,45.183207022641234,90.3514,490.1178,22.309,14.8201,0.0,33.463,11.154,23.4244,0.5577,0.0625,1793
17031071700,41.25755073497741,275.3012,90.0634,12.048,10.9841,0.0,48.193,6.024,76.506,0.0,0.0619,1660
17031071800,39.524897821888274,162.5189,158.2518,26.395,8.1813,8.0064,30.166,7.541,80.6938,17.7225,0.1249,2652
17031080100,31.59171681674709,76.2367,847.1814,20.351,25.8084,19.861,9.393,3.131,31.7783,0.7827,0.1007,6388
17031080201,32.69615953268686,234.3704,1087.3374,20.741,48.6431,19.1571,17.778,5.926,42.963,7.1111,0.0522,3375
17031080202,30.2635523186822,212.7811,148.5801,21.302,34.7872,16.6389,14.201,4.734,48.0473,4.2604,0.0601,4225
17031080300,30.00350473624397,230.9511,227.3629,23.641,19.5581,7.1633,18.185,3.637,144.9354,23.0951,0.1396,5499
17031080400,27.8275464116664,284.0884,152.0922,15.321,15.1798,7.9177,19.698,4.377,55.592,8.3169,0.1263,4569
17031081000,29.78040225063464,131.603,94.7238,27.441,24.9185,17.3461,5.717,2.287,66.316,7.432,0.1153,8746
17031081100,21.07959759234274,124.9104,165.9645,14.33,63.2468,50.2513,9.553,4.777,91.7124,13.1359,0.0398,4187
17031081201,21.358454122045543,83.6614,326.557,15.748,25.1752,28.0899,5.906,3.937,286.4173,25.5906,0.0712,5080
17031081202,29.56435598273028,150.4319,434.3077,23.831,24.6947,27.4725,11.915,5.958,75.6628,7.1492,0.0728,3357
17031081300,21.74346877302802,27.2563,327.1878,19.856,13.3484,13.2979,3.61,3.61,165.704,14.4404,0.0752,5540
17031081401,23.22917740786152,6.7783,203.9297,51.834,10.8689,18.8501,3.987,7.974,292.6635,54.2265,0.1061,2508
17031081402,27.364118834472084,2.4107,146.9537,11.344,7.9316,15.873,0.0,1.418,90.0454,11.9115,0.189,7052
17031081403,16.627734145904117,1.7271,285.4347,16.255,12.8155,42.8266,2.032,3.048,136.9501,13.1058,0.1401,9843
17031081500,17.596537869101695,22.4776,80.3793,32.111,19.2126,52.4476,6.76,5.07,303.7012,37.181,0.1144,5917
17031081600,15.58322847471679,51.3436,62.0933,33.589,62.8852,117.4168,11.996,7.198,157.8695,25.9117,0.0511,4168
17031081700,16.62830395342888,69.171,24.6359,36.121,27.4725,41.7827,9.03,5.418,356.872,33.4116,0.1436,5537
17031081800,15.674087888855984,93.7308,50.8588,18.465,17.6356,13.8074,4.396,3.517,364.3718,20.3113,0.2897,11373
17031081900,25.4144211427625,941.8868,286.3063,22.642,6.0401,19.084,37.736,15.094,67.1698,7.5472,0.0524,1325
17031090200,28.11978464787597,0.1509,37.7147,24.147,0.0,0.0,6.037,1.509,83.9119,9.2062,0.5887,6626
17031090300,26.140599579843965,0.761,75.4118,7.61,0.0,0.0,15.221,7.61,120.2435,3.8052,0.1844,1314
17031100100,24.19349042442355,13.1817,25.1438,19.863,6.9302,2.1959,5.417,3.611,78.1871,8.3062,0.4554,5538
17031100200,28.369124107437592,0.1424,31.8482,41.287,2.9581,2.5381,9.966,2.847,59.795,4.9829,0.788,7024
17031100300,28.66868336533102,13.5956,42.2782,22.393,0.3424,4.4366,11.196,3.199,23.3525,1.2796,0.9016,6252
17031100400,23.15861469699028,26.5045,55.5298,18.709,0.0,5.3677,9.355,6.236,15.9027,2.1827,0.3726,3207
17031100500,20.09781014341328,13.7345,27.845,19.621,0.0,2.5897,4.905,3.27,30.739,4.4147,0.7723,6116
17031100600,22.06909006690092,17.1534,12.8835,51.052,0.6195,6.0667,12.252,4.084,59.8326,8.1683,0.4945,4897
17031100700,22.475031011054107,0.0,8.1503,16.106,0.0,4.2589,6.04,2.013,16.1063,0.604,0.4696,4967
17031110100,31.628561558958307,13.1106,7.249,17.96,9.2511,1.3772,7.184,5.388,66.2716,10.0575,0.7261,5568
17031110200,18.021480672699767,26.3348,27.9713,57.72,12.8307,0.0,14.43,7.215,113.6364,15.1515,0.2302,2772
17031110300,19.93931363122433,13.65,41.9367,41.137,1.9829,2.1432,9.349,3.74,23.9342,1.1219,0.4666,5348
17031110400,22.337558089507528,17.0279,44.7165,28.748,5.7153,2.7755,11.057,2.211,36.2671,3.7594,0.3603,4522
17031110501,25.50218444536021,16.0886,21.5468,27.163,8.5153,3.2373,6.268,4.179,39.0723,1.8805,0.3089,4786
17031110502,22.230691596161307,1.2422,83.3552,90.062,8.2061,3.9761,12.422,6.211,172.9814,16.1491,0.2515,3220
17031120100,56.83895285579123,0.0,14.7557,99.955,4.174,0.9397,6.815,4.543,32.0309,2.2717,1.0642,4402
17031120200,43.1284207541261,0.0,9.6614,37.911,2.7289,1.0756,6.318,2.106,84.6672,11.3732,0.9297,4748
17031120300,33.46747993840032,54.9133,29.7604,28.902,4.7061,0.0,4.335,2.89,60.1156,5.4913,0.7799,6920
17031120400,36.16903929218312,29.2116,13.7231,39.705,11.7295,4.9249,8.508,8.508,74.8724,5.9558,0.4061,3526
17031130100,36.2210673321584,92.0269,171.8676,53.794,2.862,2.8035,11.527,3.842,87.2238,17.8674,0.7134,5205
17031130200,38.843891631598574,339.9857,120.3117,142.552,6.9185,1.2267,42.766,21.383,142.5517,24.9465,0.8152,1403
17031130300,32.42646964885647,94.2357,350.1995,23.608,3.9832,7.1917,13.771,3.935,77.5133,5.902,0.2781,5083
17031140100,27.17149782677179,16.1663,448.6429,20.208,15.3056,17.8571,23.095,8.661,49.9423,13.2794,0.112,3464
17031140200,25.35526808985701,9.5989,159.4915,8.57,8.0905,13.0208,17.141,5.142,68.735,16.1124,0.1536,5834
17031140301,28.03932829017959,20.7947,74.8367,22.28,13.4146,31.5956,29.707,11.14,133.6799,31.192,0.0633,2693
17031140302,32.94653560089916,0.0,273.4893,9.852,12.6942,12.5707,19.704,4.926,17.4877,0.2463,0.1591,4060
17031140400,24.776013176335702,15.2237,100.8875,30.755,12.1564,2.2017,7.689,4.613,78.7329,8.4576,0.4542,6503
17031140500,24.28760689648304,28.1078,2.4357,26.079,12.5911,5.7208,14.489,8.693,93.8858,15.0681,0.1748,3451
17031140601,26.340764574841213,0.0,29.0132,31.434,11.8242,0.0,23.576,11.788,100.1965,21.2181,0.1094,2545
17031140602,30.077094927838687,13.8861,20.0952,9.919,6.0616,6.9396,15.87,5.951,58.3218,10.9105,0.1441,5041
17031140701,23.37359357184173,20.1149,31.6987,35.92,2.8859,23.0681,35.92,7.184,156.25,35.5603,0.0867,2784
17031140702,29.090241421365505,21.8609,16.526,14.453,1.2942,6.0132,19.874,3.613,80.5781,14.4535,0.1663,5535
17031140800,31.132667716273243,29.9106,159.0968,10.792,7.7045,7.1352,13.876,4.625,107.1539,16.0345,0.2803,6486
17031150200,25.683663168888287,29.3247,23.5779,49.771,4.0688,5.8264,5.381,2.69,115.8192,17.2182,0.5149,7434
17031150300,26.26941850365792,0.8427,107.9525,40.73,1.741,3.9347,8.427,2.809,54.073,3.6517,0.5083,7120
17031150401,21.66936228752315,0.8545,27.1557,46.999,1.3145,6.9955,10.681,4.273,55.1164,7.9043,0.2859,4681
17031150402,20.17355163956864,0.5221,149.5375,46.985,0.0,7.8493,15.662,5.221,57.9483,9.397,0.2548,3831
17031150501,21.05683292609176,0.5231,54.0831,28.773,0.0,7.4102,10.463,5.231,15.1713,0.2616,0.2699,3823
17031150502,22.85892674099237,0.4718,34.8597,42.463,0.0,7.5586,9.436,4.718,53.0786,7.549,0.2646,4239
17031150600,26.6357693940063,0.5152,127.8793,36.064,0.0,11.839,18.032,7.728,80.1133,8.7584,0.2534,3882
17031150700,21.52766373453215,0.0,185.685,22.578,0.0,7.8186,13.547,6.774,29.5778,1.8063,0.2558,4429
17031150800,21.75445447062467,23.455,4.6665,28.554,1.2872,11.7509,6.119,2.04,70.569,6.1187,0.2553,4903
17031151001,22.49056527319728,63.5369,2.9358,14.119,0.0,15.6986,10.589,3.53,34.2393,3.1768,0.1274,2833
17031151002,20.70533056229464,42.0663,49.1565,30.514,0.8895,8.1301,13.078,2.18,84.5684,8.5004,0.246,4588
17031151100,19.54754591778225,0.5837,36.3828,25.292,0.0,7.8401,9.728,3.891,56.4202,5.0584,0.2551,5140
17031151200,17.112473918478052,0.7732,36.5668,46.392,0.0,3.951,18.041,7.732,59.0206,9.0206,0.2531,3880
17031160100,28.90096900515749,80.6056,17.7216,24.55,11.7555,4.3687,8.183,8.183,110.8838,14.73,0.2289,2444
17031160200,23.44978971276835,65.2837,11.6186,33.557,6.1749,5.4215,15.253,9.152,115.6193,6.7114,0.3689,3278
17031160300,27.310792798693527,3.7145,49.8888,31.839,5.0988,0.0,13.266,5.306,80.1274,11.6742,0.1648,3769
17031160400,31.379595225712176,13.391,34.7456,26.782,4.7296,3.9401,18.541,4.12,101.5657,8.2406,0.2538,4854
17031160501,27.28333576000005,17.5533,0.0,24.305,1.3539,14.9477,24.305,5.401,51.3097,4.0508,0.1338,3703
17031160502,28.33029694870951,19.697,0.0,18.182,5.0753,8.3682,21.212,3.03,70.0,12.7273,0.1195,3300
17031160601,28.25646954235448,40.2367,439.7832,8.876,14.5298,7.9051,20.71,5.917,115.6805,8.8757,0.1265,3380
17031160602,30.280389059581324,56.8802,362.7505,22.982,11.1793,13.459,17.236,5.745,67.5093,13.5019,0.2229,3481
17031160700,26.353955795079937,20.1179,224.3231,20.812,9.8443,9.7529,13.874,3.469,55.1509,8.1512,0.3076,5766
17031160800,23.8750895035114,13.0078,21.5117,26.016,5.539,3.9401,14.008,2.001,82.8497,10.8065,0.2538,4997
17031160900,32.30486961549554,5.8091,51.6032,58.091,3.2034,3.9355,41.494,4.149,89.2116,10.3734,0.2541,2410
17031161000,29.39891395999545,7.3723,53.5529,57.925,3.5602,0.0,31.596,5.266,70.0369,9.4787,0.1646,1899
17031161100,29.107832054104737,59.2784,55.8378,92.784,4.8985,4.4924,25.773,10.309,77.3196,6.701,0.2226,1940
17031161200,23.25411480597841,64.539,59.6298,17.73,3.8491,5.0,28.369,7.092,55.3191,5.6738,0.2,2820
17031161300,23.96739932309635,40.0103,64.3481,41.036,5.7654,5.2056,20.518,2.565,127.4686,17.4404,0.1921,3899
17031170100,15.65176347703193,64.4051,87.9046,122.911,1.0281,5.1046,9.833,9.833,99.3117,12.7827,0.3918,2034
17031170200,22.4393682431174,0.5247,36.5302,44.596,0.0,7.9208,15.74,5.247,53.5152,2.361,0.2525,3812
17031170300,20.75116978225695,25.115,79.978,42.178,0.4793,5.5566,9.586,5.752,51.5721,6.135,0.5399,5216
17031170400,20.685604156560363,0.0,24.5741,28.979,0.0,3.3613,4.83,2.415,57.474,12.3159,0.2975,4141
17031170500,22.9674588942729,0.0,23.3722,31.979,2.5327,1.6844,3.762,1.881,20.8804,2.2573,0.5937,5316
17031170600,24.324306043819107,0.0,62.9871,27.44,3.0907,0.0,3.92,3.92,21.1682,0.0,0.2203,2551
17031170700,20.46568861006055,0.0,62.2804,26.076,0.0,4.4883,6.519,3.259,40.0913,5.5411,0.2228,3068
17031170800,21.57951667249069,1.3161,0.0,31.587,0.0,3.5474,2.632,2.632,65.0171,9.7394,0.2819,3799
17031170900,22.376652951003656,3.0084,0.0,36.101,0.0,8.071,6.017,6.017,33.0927,3.6101,0.1239,1662
17031171000,22.87346807774627,1.3674,43.0822,31.451,0.0,3.7154,9.572,4.102,62.6282,9.572,0.5383,7313
17031171100,19.473298651273687,0.0,0.0,33.058,0.0,3.8971,16.529,4.723,47.9339,6.1393,0.2566,4235
17031180100,22.23960128281108,1.8029,21.3789,27.043,0.0,2.4284,4.507,4.507,39.6635,4.9579,0.4118,6656
17031190100,18.671223896722548,114.8387,48.5076,38.71,0.0,16.3399,21.505,4.301,127.7419,23.2258,0.1224,2325
17031190200,21.07142176384433,64.7558,13.2331,24.77,0.0,11.7693,8.846,1.769,52.9016,5.3079,0.2549,5652
17031190300,18.64283484839178,29.8013,12.7768,19.17,0.0,11.7647,10.457,1.743,98.4664,16.0335,0.255,5738
17031190401,16.722108324072686,1.1561,0.0,41.618,0.0,3.951,16.185,4.624,63.815,8.3237,0.2531,4325
17031190402,18.11904686322185,19.0782,0.0,30.223,0.0,7.9208,15.111,3.778,83.3019,13.7892,0.2525,5294
17031190601,24.808470369269465,22.5924,213.5651,43.359,1.7067,3.7272,15.974,4.564,34.2309,5.0205,0.2683,4382
17031190602,20.36725325361364,34.7713,65.2551,26.032,0.6059,8.4034,22.313,5.578,44.6263,10.2269,0.238,5378
17031190701,21.01970914143548,33.9838,30.941,20.188,0.0,9.4967,23.553,3.365,64.603,9.0848,0.1053,2972
17031190702,23.13735499403116,20.3958,61.5885,10.097,0.0,13.3333,16.155,2.019,50.6866,11.3086,0.15,4952
17031190800,19.04747113982358,39.5257,39.7335,17.567,0.0,11.7509,13.175,1.464,75.0988,7.7587,0.2553,6831
17031190900,20.92182398248468,137.5195,114.9768,31.136,0.0,8.2305,20.758,5.189,72.6518,14.5304,0.1215,1927
17031191000,16.44994264265187,67.7126,27.5913,45.417,0.0,11.919,12.386,4.129,85.0537,7.4319,0.1678,2422
17031191100,21.77856879606662,13.5404,22.0498,30.532,1.6379,6.2972,7.965,2.655,76.7291,8.8942,0.3176,7533
17031191200,13.967066028771727,30.1837,25.0085,55.118,3.8269,7.3287,23.622,2.625,46.4567,5.7743,0.2729,3810
17031191301,18.60631751922775,18.0284,283.3612,40.276,2.6347,0.0,11.507,5.754,60.9896,9.0142,0.2609,5214
17031191302,17.810110873928142,17.4089,70.09,34.413,3.7143,8.2034,18.219,2.024,84.6154,8.7045,0.2438,4940
17031200100,20.753100512994106,67.7513,58.4594,14.57,0.0,4.4326,16.999,2.428,48.5673,4.3711,0.2256,4118
17031200200,20.15418527460109,32.7392,55.0459,25.184,0.7988,3.1606,13.561,1.937,70.1279,7.5552,0.3164,5162
17031200300,18.952043339249403,42.1836,47.7794,49.628,1.1115,20.6398,19.851,4.963,115.1365,11.9107,0.0969,2015
17031200401,21.033957621305422,29.3882,29.6974,8.015,0.0,12.8287,13.358,2.672,25.6479,1.8702,0.1559,3743
17031200402,21.05271615573509,49.8569,35.1809,21.469,0.0,13.4771,19.084,2.385,60.5916,8.3492,0.1484,4192
17031210100,19.1332644740868,1.2297,93.3591,39.351,14.6589,3.0166,19.675,2.459,111.6576,13.0349,0.3315,4066
17031210400,17.066258076072437,53.5714,78.3536,30.907,2.8885,6.1538,34.341,0.0,61.4698,5.8379,0.1625,2912
17031210501,21.48384237007477,19.9719,16.9769,39.381,7.8924,8.3963,22.504,0.0,81.294,11.5331,0.1191,3555
17031210502,22.208510226766588,41.7175,66.8773,17.077,2.926,7.391,17.077,2.44,77.3359,8.0507,0.1353,4099
17031210601,23.80561091623768,59.6246,11.7943,29.444,17.7768,19.1205,29.444,3.681,57.0482,7.3611,0.1046,2717
17031210602,20.510040669089708,66.297,9.6457,36.162,13.295,13.5227,16.876,2.411,94.9855,11.5718,0.1479,4148
17031210700,22.036717274972503,63.4758,31.4143,15.357,18.9728,10.3413,12.798,2.56,60.1485,11.2618,0.1934,3907
17031210800,18.66596908108035,226.1663,117.6388,50.71,34.017,16.2602,60.852,10.142,109.5335,8.1136,0.0615,986
17031210900,19.399968472137683,67.8233,65.01,31.546,17.3116,4.5683,18.927,6.309,129.653,14.8265,0.2189,3170
17031220300,27.874299205594777,120.5256,33.5903,31.717,12.4264,15.8856,22.655,4.531,59.3566,4.531,0.1259,2207
17031220400,29.30519534304591,146.5684,23.6625,38.775,13.4346,15.7233,23.265,3.877,98.4878,15.1221,0.1272,2579
17031220500,27.79529729017308,161.0324,28.8564,29.08,15.566,14.9031,14.54,7.27,226.8266,21.8103,0.1342,2751
17031220601,27.190701670181816,277.6758,28.2699,42.813,8.6423,13.7363,24.465,12.232,91.1315,18.9602,0.0728,1635
17031220602,25.984475125042767,79.147,8.166,36.908,8.6531,5.7241,8.202,2.05,80.9924,10.4572,0.1747,4877
17031220701,22.25231298149104,28.7671,66.3371,10.274,2.1442,0.0,13.699,3.425,58.5616,6.1644,0.1006,2920
17031220702,19.69063880605233,47.3583,57.351,41.062,1.1273,4.4603,24.637,2.737,65.9732,5.7487,0.2242,3653
17031220901,20.803778141261866,149.156,59.5568,10.334,1.1988,8.8339,24.113,10.334,39.9587,3.1002,0.1132,2903
17031220902,22.06903755945715,43.2579,40.9158,20.277,0.0,7.837,23.657,10.139,76.0392,13.1801,0.1276,2959
17031221000,23.83598082152488,222.8618,20.9984,12.336,1.3325,11.7786,28.783,8.224,55.9211,11.5132,0.0849,2432
17031221100,28.33319960465761,166.4414,56.8915,29.279,5.6879,17.6471,15.766,4.505,65.0901,5.8559,0.17,4440
17031221200,32.055390375754165,231.2119,74.1298,16.926,12.4133,31.3725,20.311,6.77,44.6852,5.7549,0.1275,2954
17031221300,25.22564972301845,199.5428,78.7705,29.393,9.4553,31.3725,19.595,9.798,119.8563,22.5343,0.1275,3062
17031221400,21.81906131769072,147.4151,20.7648,41.359,10.3262,43.7318,20.679,8.863,99.5569,20.9749,0.1372,3385
17031221500,27.0034992316412,101.0657,68.5198,30.938,10.6943,8.4962,17.188,10.313,98.3156,15.813,0.1177,2909
17031221600,29.98195192714596,83.2542,52.5575,12.662,10.3028,15.7978,15.828,6.331,104.4634,10.1298,0.1266,3159
17031222200,30.234951266164284,134.5083,94.3913,51.02,31.3803,33.6323,27.829,13.915,125.2319,17.6252,0.0892,2156
17031222500,24.997036662731503,407.7739,72.9125,35.336,15.8269,96.6184,35.336,21.201,57.2438,12.0141,0.0621,1415
17031222600,30.910992916502884,347.7173,136.2339,12.508,27.9603,64.5161,31.27,12.508,63.7899,7.5047,0.062,1599
17031222700,26.53088477006968,339.097,104.7152,33.622,25.2139,34.6021,33.622,9.606,73.0067,16.3305,0.0867,2082
17031222800,25.800579087801506,678.125,166.9404,10.417,23.6978,69.6056,52.083,31.25,67.7083,8.3333,0.0431,960
17031222900,18.330927325793617,658.4022,142.3632,27.548,6.6312,23.6128,64.279,27.548,103.7649,8.2645,0.0847,1089
17031230100,26.3034426134728,456.117,1131.5417,13.298,35.6157,108.1917,39.894,13.298,34.5745,1.3298,0.0647,1504
17031230200,22.51395531167661,368.5932,438.026,43.621,28.0458,36.4078,38.168,10.905,94.3293,14.7219,0.0824,1834
17031230300,25.85650588597976,696.6527,186.8215,10.46,29.81,48.5437,73.222,31.381,61.7155,3.1381,0.0412,956
17031230400,18.39912070937496,309.1723,61.3318,26.846,6.21,22.8833,58.166,8.949,77.4049,16.5548,0.1311,2235
17031230500,14.891011846252116,71.0734,38.4361,40.948,0.0,9.7656,20.474,2.925,93.5946,14.0392,0.2048,3419
17031230600,14.525698271524597,35.6462,22.8036,30.805,0.0,5.1295,14.669,2.934,76.72,9.535,0.3899,6817
17031230700,21.8105414495715,115.7929,27.9189,35.381,1.2094,19.992,17.691,4.825,66.5809,10.7752,0.2501,6218
17031230800,16.57036433993935,501.6207,32.682,24.311,4.7254,50.8259,48.622,24.311,69.6921,1.6207,0.0787,1234
17031230900,22.580350046072912,128.073,628.1333,21.808,8.4383,17.2117,11.895,3.965,48.9691,9.318,0.1743,5044
17031231100,20.122467810174115,533.7727,10.3764,41.186,7.1155,86.7052,57.661,16.474,54.3657,11.5321,0.0692,1214
17031231200,28.33307323992802,96.9413,28.6346,20.057,0.9852,15.7791,20.057,5.014,69.3632,16.5469,0.2535,5983
17031231500,29.19479522129418,272.8559,122.3922,24.757,4.93,12.9601,24.757,3.537,51.8126,12.0248,0.3858,5655
17031240200,32.45067187637332,89.3316,143.2315,25.707,22.3169,46.8019,32.134,12.853,92.545,10.9254,0.0641,1556
17031240300,32.142932624814605,87.3715,216.9685,14.684,26.1062,46.6563,51.395,7.342,210.7195,35.9765,0.0643,1362
17031240500,30.53031387237747,126.4368,144.1069,38.314,31.9553,55.0661,34.483,7.663,98.8506,9.9617,0.0908,2610
17031240600,24.721067344176483,195.4332,87.6735,20.148,35.1492,93.8967,47.011,20.148,75.2183,6.7159,0.0639,1489
17031240700,25.40382534234999,194.1294,529.1349,26.684,30.7802,109.0343,33.356,20.013,51.3676,4.0027,0.0642,1499
17031240800,25.87208613777394,293.4203,1095.4666,17.783,30.9555,109.375,29.638,17.783,57.4985,8.2988,0.064,1687
17031240900,25.16118698262314,941.1765,512.0177,187.166,9.9687,28.4827,115.865,26.738,113.1907,7.1301,0.3862,1122
17031241000,25.05069876838602,171.3923,954.2513,12.696,27.8784,87.5,42.319,12.696,36.8176,3.8087,0.08,2363
17031241100,30.16431138060672,88.1365,18.8307,27.98,14.9853,54.7731,33.576,8.394,103.8053,17.3475,0.1278,3574
17031241200,25.91770574672061,229.8716,23.3036,35.006,17.456,55.2486,70.012,17.503,100.9335,14.5858,0.1267,1714
17031241300,40.86378011874591,110.3896,86.172,5.411,23.5829,31.5956,48.701,10.823,53.0303,7.5758,0.0633,1848
17031241400,32.804699533308295,36.2223,36.412,30.343,8.5838,14.9626,24.654,3.793,232.3156,31.1018,0.2005,5273
17031241500,21.59907690309243,51.1171,109.3336,27.082,12.0173,25.7954,30.467,6.77,286.7299,35.545,0.1163,2954
17031241600,21.272530377158542,42.7278,64.9987,19.808,13.3842,18.018,16.978,5.659,75.5518,7.6401,0.111,3534
17031242000,21.41127940251233,28.9855,103.0636,21.313,16.484,47.5813,21.313,6.394,107.2038,23.6573,0.1261,4692
17031242100,28.36457211477311,39.7384,19.3627,12.575,11.5051,39.4945,30.181,5.03,95.8249,14.839,0.1266,3976
17031242200,32.157740618603164,39.1965,17.8863,14.699,11.4169,15.8353,29.397,4.9,88.1921,11.7589,0.1263,4082
17031242300,32.31095633131578,61.6592,19.7869,25.224,11.8613,15.7729,33.632,5.605,117.713,14.2937,0.1268,3568
17031242400,27.16048314461126,95.796,26.2736,27.567,11.872,7.8927,48.243,6.892,101.654,15.8511,0.1267,2902
17031242500,24.605397280551674,56.042,75.7323,20.432,14.6068,16.1943,32.107,11.675,67.7175,7.8809,0.1235,3426
17031242600,27.867039361345324,68.6673,378.5964,22.948,15.6156,33.389,22.948,5.296,69.7264,11.2974,0.1797,5665
17031242700,25.10028137927153,271.4138,496.9484,20.64,20.8291,59.6125,46.44,10.32,65.5315,6.192,0.0671,1938
17031242800,19.025521023264165,355.01,61.6835,112.807,6.7683,23.5571,59.721,19.907,132.0504,10.6171,0.1698,1507
17031242900,23.679330680052,80.5301,85.7778,40.775,6.2608,23.9617,45.872,10.194,165.6473,9.1743,0.1252,1962
17031243000,23.313634235504843,149.5076,17.7576,49.239,4.0127,39.9042,22.381,8.953,120.4118,9.8478,0.1253,2234
17031243100,23.45954145331198,191.6407,17.839,44.464,2.0,47.9616,44.464,13.339,184.9711,13.3393,0.1251,2249
17031243200,23.230399671816137,226.9348,20.9756,43.725,2.4389,55.8659,48.098,13.118,155.2252,21.8627,0.1253,2287
17031243300,21.426698241588767,302.3447,77.7122,28.795,10.9785,47.2069,37.022,12.341,136.9807,14.8087,0.1271,2431
17031243400,21.28413707062379,145.4861,75.7956,17.361,18.0119,47.5436,20.833,6.944,106.25,20.4861,0.1262,2880
17031243500,19.49635301724925,123.6831,41.3491,44.248,13.3795,11.8483,10.535,6.321,175.3055,16.6456,0.2532,4746
17031250200,18.79973685471963,6.1173,1.8948,32.386,2.4629,5.184,21.591,7.197,66.5707,6.1173,0.1929,2779
17031250300,23.6525950002267,3.585,9.6441,18.979,3.9916,8.3822,16.871,2.109,44.496,4.8503,0.2386,4742
17031250400,19.677112229153124,16.2377,37.5233,46.64,1.3054,3.9643,13.819,3.455,97.4262,8.9826,0.5045,5789
17031250500,24.4557916066463,23.7867,20.8433,32.809,0.0,0.0,5.468,2.734,57.6897,10.1162,0.796,7315
17031250600,18.525362879201072,0.0,10.3195,35.689,0.0,7.984,7.138,4.759,73.281,14.5134,0.2505,4203
17031250700,22.108570227317607,0.0,78.1112,30.344,0.0,7.8339,10.115,5.057,61.0249,11.1261,0.2553,5932
17031250800,20.19625790029854,0.0,85.9591,57.566,0.0,4.5086,16.447,12.336,91.6941,10.6908,0.2218,2432
17031251000,15.399080722619937,0.0,23.0916,111.628,0.0,11.0558,55.814,27.907,177.6744,20.4651,0.1809,1075
17031251100,25.085689830245283,26.41,98.7019,24.62,0.0,15.6495,20.143,8.953,43.6437,11.4145,0.1917,4468
17031251200,28.284674169812963,30.179,46.6977,40.921,0.0,15.6433,28.133,7.673,52.9412,10.9974,0.2557,3910
17031251300,26.00072406593421,23.1463,2.2464,35.308,0.0,7.9271,9.808,5.885,51.0004,9.0231,0.2523,5098
17031251400,27.557962051602622,89.8144,59.1337,27.597,2.236,3.7636,17.561,5.018,48.9212,7.2755,0.2657,3986
17031251500,29.101266313247915,82.4505,48.3905,25.334,3.1958,18.9107,29.94,4.606,58.959,11.0548,0.2644,4342
17031251600,29.244120861805573,33.5037,11.7052,19.875,4.6237,21.5517,25.554,5.679,27.8251,5.1107,0.1856,3522
17031251700,21.423417364101795,0.0,5.8999,74.239,4.5393,26.8384,44.543,22.272,166.2955,35.6347,0.1863,1347
17031251800,21.688024008441324,70.3784,14.0972,31.366,9.2179,23.3706,19.604,5.881,86.8457,9.802,0.3851,5101
17031251900,25.256625157698327,100.7982,90.8278,27.845,7.8072,20.4918,16.707,3.713,38.7971,9.4672,0.244,5387
17031252000,27.327918068177944,67.6585,158.9636,26.567,5.3085,4.1442,8.856,1.771,40.9139,4.605,0.2413,5646
17031252101,26.05898447788451,309.5872,428.2584,133.156,2.3671,0.0,39.947,6.658,116.5113,22.6365,0.3284,1502
17031252102,21.40196904385407,52.3679,280.5722,46.872,4.8846,15.444,14.547,1.616,53.6609,9.6978,0.259,6187
17031252201,21.7702534627102,103.7415,26.5256,47.619,8.9421,46.8855,17.007,3.401,34.3537,3.4014,0.1493,2940
17031252202,21.927127687650643,58.7497,24.1502,56.45,7.7107,32.4939,14.635,2.091,52.2685,14.8442,0.2462,4783
17031260100,15.69772299844169,547.0548,832.1392,40.623,21.1971,15.9109,54.164,13.541,129.3162,23.0196,0.1257,1477
17031260200,20.091841963420944,594.8767,21.0601,56.926,17.8541,15.7729,56.926,9.488,212.5237,39.8482,0.1268,1054
17031260300,21.624697971510223,449.6073,21.0949,13.089,17.7852,39.2773,39.267,13.089,71.9895,10.4712,0.1273,1528
17031260400,19.025461313880307,85.8369,9.0302,14.306,17.8647,39.4945,42.918,14.306,85.8369,4.2918,0.1266,1398
17031260500,19.75991666322788,65.4664,16.7693,54.555,11.2948,38.4025,38.189,5.456,57.2831,9.2744,0.1302,1833
17031260600,22.25418636175051,365.6575,8.4078,37.843,12.7148,33.1126,37.843,4.73,31.6935,4.7304,0.1208,2114
17031260700,23.70625241956476,459.4914,20.7873,82.791,12.7912,15.7356,53.223,5.914,124.1869,26.6115,0.1271,1691
17031260800,20.31734400654294,435.491,698.3882,48.437,17.6698,15.8103,39.63,8.807,105.24,20.2554,0.1265,2271
17031260900,25.32120208933734,340.8324,214.0751,22.497,15.2919,11.3507,50.619,11.249,41.0574,11.811,0.0881,1778
17031261000,23.533729016633,234.1634,9.7472,30.581,1.5741,10.2302,34.95,8.737,42.8135,5.2425,0.1955,2289
17031270500,25.14636526330695,977.7641,704.25,74.12,22.9625,18.4077,80.296,18.53,24.7066,3.706,0.2173,1619
17031271200,20.18344825078108,920.6485,36.7338,93.857,21.6828,23.5849,102.389,17.065,80.2048,25.5973,0.1272,1172
17031271300,15.59071141021068,944.3396,271.8295,198.113,18.9471,23.6967,141.509,28.302,27.3585,0.0,0.1266,1060
17031271400,17.76234130464345,989.5765,1008.3414,65.147,21.1338,15.7853,71.661,19.544,59.9349,14.3322,0.1267,1535
17031271500,22.708556598953844,439.9126,310.3938,29.133,23.0923,15.8983,72.833,14.567,24.035,1.4567,0.0629,1373
17031271800,26.35850006838504,807.377,262.8521,40.984,9.1896,12.5628,112.705,10.246,63.5246,14.3443,0.0796,976
17031280100,15.260665196553653,40.4258,20.9543,30.993,22.1698,12.685,0.0,2.695,232.5832,40.1563,0.2365,7421
17031280400,15.288986692667454,672.6239,83.7272,40.617,10.9808,51.6529,97.482,24.37,262.3883,8.9358,0.1936,1231
17031280800,13.588865254558472,765.4424,113.108,66.778,23.5709,21.7628,83.472,8.347,51.7529,3.3389,0.0919,1198
17031280900,15.562645239122189,582.1727,182.4652,64.995,33.5377,112.8668,74.28,9.285,72.4234,18.5701,0.0443,1077
17031281900,14.884673824986312,32.57,22.3241,28.445,30.5614,29.5334,1.422,4.267,200.3982,25.7431,0.1693,7031
17031282700,16.65725805337508,428.0688,54.2834,43.002,5.7309,17.6991,46.912,3.909,61.3761,11.337,0.1695,2558
17031282800,26.049555432178213,338.4333,57.1049,36.72,0.0,31.4465,61.2,6.12,111.3831,20.8078,0.0636,1634
17031283100,33.021701737335626,243.6511,143.3516,18.403,10.7268,11.9474,33.125,14.722,141.3324,28.3401,0.0837,2717
17031283200,33.696889280424344,374.8503,224.1554,47.904,11.7103,21.9298,59.88,17.964,95.8084,19.7605,0.0912,1670
17031283800,24.14564779636424,232.426,58.4439,14.957,8.754,41.2655,32.905,5.983,41.2803,0.5983,0.1454,3343
17031290900,21.42154357831235,88.0503,28.2486,37.736,0.444,0.0,30.189,5.031,57.6101,9.0566,0.3846,3975
17031291200,19.05167653092483,263.3421,79.9299,52.493,16.5016,15.7356,56.868,8.749,21.8723,5.2493,0.1271,2286
17031291600,33.9104794377036,257.4371,774.2168,34.325,5.8044,23.5018,102.975,22.883,50.3432,2.2883,0.0851,874
17031292200,24.26548205284868,100.2719,17.8201,40.789,6.1536,19.6721,37.39,10.197,28.552,4.4188,0.1525,2942
17031292400,21.459166207209133,181.2837,17.1538,48.996,0.4731,23.5294,53.895,14.699,58.3048,14.6987,0.1275,2041
17031292500,16.495361710835837,96.6231,25.87,41.903,0.0,7.8864,22.184,4.93,40.6704,3.4508,0.3804,4057
17031300500,20.908011108701665,62.288,12.4218,18.501,2.3904,38.2044,24.669,6.167,84.798,8.634,0.1047,3243
17031300600,23.883001216983693,62.0965,16.2118,30.741,0.0,23.678,30.741,9.222,59.0224,7.0704,0.1267,3253
17031300700,24.743672100282183,34.8062,17.8966,18.758,0.0,23.5294,18.758,6.253,62.1092,6.2526,0.1275,4798
17031300800,20.68066981187545,9.913,20.9834,21.76,4.4109,7.9491,31.431,7.253,90.9091,11.3636,0.1258,4136
17031300900,18.23030903883521,9.0051,30.4852,13.178,14.7822,15.8353,28.553,4.393,77.092,10.9818,0.1263,4553
17031301100,25.84699096639913,0.861,65.958,25.829,29.8169,35.7143,64.572,4.305,56.3926,7.3181,0.084,2323
17031301200,20.9956198403754,0.4894,5.2957,19.574,13.9639,31.881,31.808,2.447,90.0416,10.7658,0.1882,4087
17031301600,24.319919919777643,7.8078,5.4848,6.006,5.4742,15.7109,14.014,4.004,57.0571,7.4074,0.1273,4995
17031301701,20.66912623030443,9.1143,1.6612,21.033,1.9583,23.4742,21.033,4.674,91.1428,10.7502,0.1278,4279
17031301702,24.57743020825157,7.0371,1.6612,24.266,3.0761,23.4742,16.986,4.853,24.5086,6.0665,0.1278,4121
17031301801,17.415157821997656,0.0,86.9898,17.735,1.5642,11.257,17.735,2.534,68.6597,6.5873,0.2665,3947
17031301802,24.079076376729425,48.282,0.0,29.621,3.736,29.7619,23.697,2.962,129.1469,19.5498,0.1344,3376
17031301803,24.38462530584992,0.0,175.342,13.707,3.7057,22.1402,19.581,1.958,32.1128,6.6575,0.1355,5107
17031310200,18.79766469088912,133.5013,20.3137,31.486,5.9785,40.4531,25.189,18.892,118.3879,6.927,0.1236,1588
17031310300,19.63107792399428,220.7131,68.2471,56.593,7.1586,32.0,33.956,16.978,196.944,14.1483,0.125,1767
17031310400,16.92250478064907,293.8182,148.1966,14.545,18.7542,105.042,65.455,14.545,199.2727,4.3636,0.0476,1375
17031310500,20.783316594458377,288.7777,119.3185,28.592,22.0309,82.1018,64.332,14.296,135.8113,22.8735,0.0609,1399
17031310600,17.2937372683994,124.0451,77.9164,30.92,9.686,28.5987,23.645,3.638,167.8792,24.7363,0.2098,5498
17031310700,16.250720589060755,183.5294,133.2749,35.294,19.0946,64.6204,64.706,11.765,142.3529,35.8824,0.0619,1700
17031310800,18.69951462087753,86.7066,165.3361,19.162,8.3108,31.1769,26.347,4.79,129.5808,18.2036,0.1283,4175
17031310900,19.556433503269755,33.675,102.9049,41.832,7.3863,16.0256,23.008,4.183,74.2522,13.3863,0.1872,4781
17031320101,18.364882702538235,1.7835,764.9291,7.344,21.8756,22.409,2.098,2.098,68.7159,4.4062,0.1785,9532
17031320102,18.364882702538235,6.8097,519.3837,61.907,21.9602,38.6527,4.127,4.127,821.915,75.5262,0.1811,4846
17031320400,23.939011284884486,50.4202,708.7658,73.529,17.4314,25.89,10.504,3.501,1201.3305,106.7927,0.309,2856
17031320600,23.13910520563572,94.6052,859.7095,32.838,15.9961,21.8341,1.564,3.127,105.2385,17.0446,0.229,6395
17031330101,15.16518848151115,316.6376,521.1298,26.132,5.1449,3.3914,8.711,4.355,63.3711,7.8397,0.8846,4592
17031330102,15.16518848151115,98.6958,673.3108,14.8,15.9932,18.75,2.775,1.85,61.6039,6.8449,0.16,10811
17031330103,15.16518848151115,196.4113,175.8049,16.974,12.854,30.8483,6.062,1.212,80.1406,7.3957,0.1945,8248
17031330200,18.86726216118972,378.2435,103.2019,44.91,15.8204,22.8087,14.97,4.99,44.6607,4.99,0.3069,4008
17031340300,19.526215213153083,124.3968,24.4664,5.362,4.9938,49.7512,32.172,21.448,30.0268,1.0724,0.0804,1865
17031340400,17.291029729348136,150.2169,106.5335,43.384,8.1728,35.6506,43.384,21.692,103.0369,21.1497,0.1122,1844
17031340500,16.36882324827635,278.6986,53.8007,55.249,4.2275,29.9401,49.11,18.416,64.4567,14.733,0.167,1629
17031340600,12.424737813891976,549.0877,84.5328,86.881,2.9963,31.5789,60.817,34.752,53.8662,2.6064,0.19,1151
17031350100,25.2526125912828,118.4919,681.3677,26.93,15.4825,4.4444,17.953,13.465,31.4183,0.4488,0.225,2228
17031350400,22.87399965190265,271.8254,151.8663,33.069,13.335,51.4801,59.524,26.455,21.8254,3.9683,0.0777,1512
17031351000,27.034079598332468,315.9341,621.3069,41.209,14.0152,9.138,24.725,5.495,50.0,5.2198,0.3283,3640
17031351100,15.160369557361395,940.6281,168.1564,24.534,19.6597,59.5681,44.161,9.814,26.4966,1.472,0.1343,2038
17031351400,22.14587174004945,1480.6034,49.1152,57.471,19.7089,55.8659,71.839,21.552,81.8966,13.6494,0.1253,1392
17031351500,11.547379375609433,1244.2284,115.4004,60.753,14.3219,108.1917,85.055,48.603,24.3013,9.7205,0.0647,823
17031360200,18.1317715295676,1162.9316,581.6755,42.399,26.2357,56.1167,42.399,12.114,15.1423,0.0,0.0891,1651
17031380100,22.395642557063727,1106.4794,137.5651,40.779,17.632,29.5508,40.779,13.593,61.6221,9.5152,0.1692,2207
17031380200,22.129624270520964,1032.8073,116.1066,16.611,26.3059,84.0336,41.528,12.458,29.485,4.1528,0.0833,2408
17031380600,20.753690017355925,840.6385,56.719,81.074,10.6563,24.699,25.336,10.134,48.8979,6.8406,0.3239,3947
17031381200,21.499162070361283,857.9682,95.4108,43.332,14.1639,49.2611,38.517,4.815,88.5893,16.8512,0.1015,2077
17031381400,16.24577980113888,802.3385,88.0638,38.976,14.3095,33.195,33.408,11.136,96.3252,16.7038,0.1205,1796
17031381500,14.469915221597294,1746.6267,231.8051,44.978,27.1904,71.4286,59.97,29.985,158.9205,23.988,0.042,667
17031381700,10.680557746147787,2336.0,129.2896,160.0,0.0,26.6312,80.0,40.0,32.0,4.0,0.0751,18
17031381800,21.23697046697,663.4747,272.1733,61.56,12.1828,32.5203,41.04,6.84,91.6553,11.6279,0.123,1462
17031381900,21.48974633540216,1075.9494,983.1849,36.166,17.9339,59.6125,45.208,9.042,31.6456,3.6166,0.0671,1106
17031390100,22.178232114068827,451.3844,603.3068,19.317,10.1569,32.8048,45.074,6.439,67.6111,10.3026,0.1829,1553
17031390200,24.846509008862984,594.7955,337.4144,21.243,16.1601,50.8906,42.485,5.311,68.5077,1.5932,0.1179,1883
17031390300,23.462536555735184,582.7283,136.5037,38.212,10.6531,47.5436,30.569,7.642,44.3256,9.5529,0.1262,2617
17031390400,29.76954441644165,316.9627,259.2517,27.865,6.1825,23.8095,34.831,6.966,29.6064,0.6966,0.126,2871
17031390500,42.85738518211003,540.8163,119.6303,24.01,5.9643,15.873,60.024,6.002,19.8079,0.0,0.126,1666
17031390600,41.74989108001206,283.8516,420.866,25.075,6.1111,16.0128,45.135,5.015,30.5918,0.0,0.1249,1994
17031390700,26.63631605556187,35.6705,481.3883,26.026,10.3165,8.7413,9.186,1.531,27.8628,1.5309,0.2288,6532
17031400300,28.809156763553407,1112.367,645.8474,192.819,3.2721,7.0646,73.138,13.298,61.8351,5.3191,0.5662,1504
17031400400,19.57291111980713,442.6065,1022.1407,35.088,6.3523,15.8479,30.075,15.038,47.619,6.015,0.1262,1995
17031400500,22.62093902194526,372.2597,5.7221,25.295,2.1653,15.873,21.079,12.648,27.403,2.9511,0.126,2372
17031400800,16.89063520689761,263.6879,184.3509,56.639,1.309,10.4932,22.026,6.293,27.061,5.0346,0.1906,3178
17031410100,28.4064574443776,48.8556,779.8764,44.014,19.0956,11.7509,17.606,4.401,89.7887,8.8028,0.0851,2272
17031410200,38.854914767234696,95.279,613.8442,34.335,0.0,40.0,42.918,8.584,18.8841,0.0,0.025,1165
17031410500,27.54334456446516,122.8611,1093.4651,23.956,8.8271,0.0,20.534,6.845,20.1916,0.3422,0.101,2922
17031410600,38.11863967616181,134.1206,174.9958,12.653,9.6995,10.2145,25.306,4.218,26.9928,5.0612,0.0979,2371
17031410700,34.54736894296827,46.2693,192.7968,16.674,9.3171,9.98,29.179,4.168,89.6207,21.2589,0.1002,2399
17031410800,27.345173185746003,37.0865,377.6327,20.047,16.2421,10.5597,16.706,3.341,193.7855,24.3902,0.0947,2993
17031410900,28.213117263102603,30.2452,689.1622,29.973,24.5562,6.6401,13.624,2.725,41.9619,4.0872,0.1506,3670
17031411000,22.66799795316373,71.5018,793.1226,35.879,16.8637,0.0,12.814,2.563,51.512,8.7135,0.3352,3902
17031411100,34.813864643300555,144.1782,1085.0345,25.221,23.084,0.0,21.017,8.407,35.309,5.8848,0.1102,2379
17031411200,34.724133895188025,179.2177,428.4629,58.377,7.7286,6.4226,35.026,11.675,75.8903,8.7566,0.1557,1713
17031420100,19.84416012596443,232.6431,1114.4786,48.721,13.9247,0.0,24.361,6.09,28.0146,3.6541,0.3258,1642
17031420200,18.63727083079879,392.4761,507.5478,61.763,3.6626,8.9928,28.074,5.615,42.1112,5.0533,0.1112,1781
17031420300,21.770977589639283,229.5955,623.4831,35.486,0.0,31.6122,21.292,3.549,22.3563,2.1292,0.0949,2818
17031420400,17.917870746829077,375.6477,743.0091,84.197,0.0,42.2833,25.907,6.477,42.0984,5.829,0.0946,1544
17031420500,20.898093008604704,257.1846,949.0171,48.709,0.2189,42.1053,19.484,4.871,42.8641,5.8451,0.095,2053
17031420600,24.24282280851937,378.3677,736.5885,43.582,2.6504,42.508,23.772,3.962,61.4105,13.0745,0.0941,2524
17031420700,26.75927119806252,232.7044,10.1488,46.342,4.9693,15.9236,29.791,6.62,105.5942,24.8262,0.2512,3021
17031420800,19.751386355497296,236.0602,28.8241,40.7,3.7372,29.8285,20.35,8.14,64.7131,6.512,0.1341,2457
17031421200,23.97128381842855,106.7616,0.0,113.879,15.6989,15.8983,64.057,14.235,89.6797,9.9644,0.1258,1405
17031430101,24.09808752667808,51.0878,767.0294,22.0,14.3012,15.8353,7.333,2.444,52.0655,6.5999,0.1263,4091
17031430102,27.24648423568757,61.5335,545.0669,32.216,10.2142,11.655,12.887,3.222,39.9485,5.799,0.1716,3104
17031430200,33.2409451674701,83.1695,422.3947,35.391,9.0916,3.917,11.797,3.932,31.0657,2.9493,0.2553,5086
17031430300,25.75844709782752,107.1149,182.2631,43.002,9.3352,6.1614,31.274,7.819,56.6849,10.5551,0.1623,2558
17031430400,26.949776160845868,60.706,35.0153,39.591,10.8138,4.7393,23.095,6.598,70.2738,11.8773,0.211,3031
17031430500,22.44903469653311,53.1967,33.573,19.522,7.6921,15.1057,17.082,4.88,70.2782,4.6364,0.1324,4098
17031430600,23.67281547515224,175.4491,242.7129,41.916,10.0297,23.2739,29.94,5.988,135.9281,28.7425,0.1289,1670
17031430700,20.236783968424373,63.908,711.7129,55.172,15.2755,40.6504,13.793,4.598,69.4253,9.6552,0.0738,2175
17031430800,25.29934152042392,127.8195,81.4347,32.223,0.0164,23.678,26.853,5.371,70.8915,3.2223,0.1267,1862
17031430900,24.680822187695103,121.3133,110.1755,44.519,1.9267,15.3965,38.954,16.694,53.9789,4.4519,0.1299,1797
17031431200,28.125094797614185,28.9855,40.842,44.859,0.0,11.8577,20.704,6.901,76.6046,12.0773,0.253,2898
17031431301,28.641392072708094,47.6323,69.3968,16.713,6.6535,12.8205,19.499,2.786,38.1616,5.571,0.156,3590
17031431302,25.19004904745409,39.3013,54.2636,20.685,6.5132,11.8343,16.088,2.298,41.5996,4.5966,0.169,4351
17031431400,23.08365381746312,25.4616,408.72,29.78,8.0589,4.9938,10.423,1.489,32.4598,2.8291,0.4005,6716
17031440101,23.88305441370232,63.2942,80.4704,14.385,0.0,20.2977,11.988,7.193,51.0669,9.3503,0.1478,4171
17031440102,28.29672006772048,44.5912,149.905,24.773,0.0,8.2645,16.515,5.505,76.5208,15.4143,0.242,3633
17031440201,23.74531634214821,32.0538,1.1542,23.744,0.0,24.7158,9.893,5.936,89.0384,10.6846,0.2023,5054
17031440202,26.5450132519056,45.9574,50.0355,42.553,0.0,13.1277,19.858,5.674,85.9574,14.4681,0.3047,3525
17031440300,22.97968568069505,19.2431,12.2175,55.591,1.1587,5.9928,12.829,2.138,62.0056,8.3387,0.5006,4677
17031440600,23.79504380123404,0.0,94.3436,65.13,0.0,7.731,35.07,0.0,40.5812,3.006,0.2587,1996
17031440700,21.28702217198658,60.1202,283.1989,46.76,0.0,7.9114,46.76,0.0,40.0802,4.676,0.1264,1497
17031440800,24.678393514142165,55.5556,110.5087,55.556,4.4245,18.5014,30.864,0.0,41.9753,3.7037,0.1081,1620
17031440900,27.647268849352105,0.0,84.9534,36.556,1.8761,0.0,16.247,0.0,57.6767,8.9358,0.2856,2462
17031450300,21.03022762902845,7.0726,35.8368,101.476,4.0559,3.7958,33.825,6.15,103.936,15.9902,0.5269,3252
17031460100,12.417440087033672,88.3803,154.1341,70.423,6.3355,4.3286,35.211,7.042,64.4366,10.9155,1.1551,2840
17031460200,28.937083278012675,11.807,42.9497,41.068,7.2003,17.1969,46.201,5.133,43.6345,2.5667,0.2326,1948
17031460301,27.11791245891148,7.7,53.1904,26.783,1.9992,21.3333,36.826,3.348,42.1828,6.6957,0.1875,2987
17031460302,30.309667289359883,59.1103,51.9595,12.188,0.3178,8.0128,27.422,6.094,31.688,4.8751,0.2496,3282
17031460400,27.211646980493605,56.8748,11.8214,8.795,2.8825,0.0,26.385,5.863,41.9232,4.1044,0.252,3411
17031460500,27.52741695548632,19.8148,6.9923,51.852,4.2683,6.0815,20.37,5.556,61.1111,6.2963,0.4933,5400
17031460800,26.94250001677417,45.0673,133.5942,49.464,8.5516,22.7531,30.228,2.748,53.861,14.0148,0.2637,3639
17031461000,11.892703713457712,96.5753,129.5897,157.534,10.0934,20.4834,34.247,6.849,180.8219,15.0685,0.2441,1460
17031470100,25.27847113890553,53.0273,22.0012,79.145,0.9354,1.6319,31.658,3.957,60.9418,0.7915,0.6128,2527
17031480100,22.487053558985032,11.4943,72.063,74.963,2.682,0.0,54.973,9.995,122.4388,16.9915,0.2555,2001
17031480200,23.88653663019991,0.0,0.5204,54.397,0.0,0.0,45.331,9.066,112.4207,44.4243,0.1108,1103
17031480300,24.65322183471852,99.4065,4.5834,37.092,0.0,0.0,37.092,7.418,64.5401,7.4184,0.1612,1348
17031480400,22.19768434064418,23.7168,37.9302,54.867,0.4668,0.0,14.159,5.31,31.8584,0.885,0.6975,5650
17031480500,24.39277181246862,54.923,45.1717,73.677,4.9138,7.6104,30.141,6.698,38.848,2.3443,0.5256,2986
17031490200,22.899833475959447,0.0,103.3907,62.5,3.19,5.9559,19.737,0.0,50.9868,9.8684,0.3358,3040
17031490500,19.23946949179924,0.0,52.3338,150.376,4.1975,3.6623,40.1,5.013,40.6015,6.015,0.5461,1995
17031490600,15.250634614742436,0.0,168.1441,55.44,3.6261,15.0659,48.51,13.86,97.0201,12.474,0.2655,1443
17031490700,25.13036835262772,71.5361,72.3584,15.06,5.2513,8.107,18.825,11.295,26.3554,7.5301,0.2467,2656
17031490800,19.73824504414528,114.2204,104.7306,71.388,5.9397,4.7562,25.7,5.711,52.827,11.9931,0.4205,3502
17031490901,22.42198942184572,99.9118,123.0038,52.895,3.6951,6.0441,17.632,5.877,39.6709,2.6447,0.3309,3403
17031490902,25.22060365414201,105.4444,53.498,62.406,4.2363,4.3735,19.367,4.304,47.9879,4.3039,0.4573,4647
17031491000,31.496471592142512,89.3092,10.9737,21.014,1.8002,4.0355,21.014,5.253,40.1891,7.8802,0.4956,3807
17031491100,25.83279395780588,42.1672,43.5113,34.322,2.0372,1.9677,22.064,9.806,53.4445,6.3741,0.5082,4079
17031491200,26.728341912793248,79.2472,25.3805,64.388,3.2419,3.9888,29.718,9.906,68.846,10.8965,0.2507,2019
17031491300,30.77173162530124,94.9086,1.0965,39.545,0.0,4.008,39.545,14.829,43.4998,7.909,0.2495,2023
17031491400,22.48236396582147,58.6194,130.3082,107.983,2.3602,3.1182,23.139,7.713,178.5577,19.6683,0.3207,2593
17031500100,18.572150249168093,97.0381,52.617,62.059,3.7134,0.9814,25.388,2.821,60.6488,5.0776,1.019,3545
17031500200,24.279091432129896,124.4076,45.7897,130.332,6.1379,2.5429,47.393,11.848,110.1896,13.0332,0.7865,1688
17031500300,21.61233143004496,0.0,75.0161,18.904,5.5281,3.69,18.904,12.602,55.4505,8.1916,0.271,1587
17031510100,16.176303427601148,43.6397,6.4588,68.09,1.7027,4.3812,12.38,6.19,56.9483,9.5946,0.913,3231
17031510200,27.67588749310261,29.4319,68.1468,99.247,1.11,2.0371,10.267,6.845,42.4367,5.1335,0.4909,2922
17031510300,26.26885783854492,45.3608,149.6746,101.031,2.0,1.7431,10.309,4.124,70.1031,11.5464,1.1474,4850
17031520100,17.543119858729934,80.8023,204.3662,68.768,4.0516,5.1584,34.384,5.731,85.9599,15.4728,0.9693,1745
17031520200,15.593587331648957,42.2409,101.5945,23.966,3.2523,8.4353,8.987,2.996,45.5362,8.9874,0.4742,3338
17031520300,19.656855447926485,0.0,12.2353,24.67,4.8445,5.4069,5.286,0.0,38.9427,8.9868,0.3699,5675
17031520400,19.31639557466941,0.0,50.5065,36.991,7.1921,7.2359,7.398,0.0,57.9531,12.5771,0.2764,4055
17031520500,20.98118711144337,0.0,60.0343,29.412,10.0777,4.931,9.05,0.0,17.1946,0.6787,0.4056,4420
17031520600,19.3168741020376,0.0,54.5555,47.431,8.0368,2.3844,11.858,0.0,12.6482,0.3953,0.4194,2530
17031530100,22.67015533994272,46.4269,20.941,72.827,0.0,0.0,18.207,4.552,82.3851,18.2066,0.2505,2197
17031530200,33.71871409618157,78.0039,21.2149,48.45,3.098,3.9936,14.535,4.845,43.6047,10.1744,0.5008,4128
17031530300,23.025788676490173,55.4995,57.5673,47.931,4.7212,5.9359,20.182,5.045,44.3996,3.0272,0.5054,3964
17031530400,18.27147275271607,106.848,37.1208,67.994,3.8734,5.9265,29.14,4.857,42.2535,3.3997,0.5062,2059
17031530501,32.1448858556852,58.0416,55.2766,28.799,3.7948,3.9952,13.292,2.215,45.1927,5.7599,0.5006,4514
17031530502,31.60810337369825,47.7707,112.3232,0.0,4.8516,0.0,19.108,6.369,30.5732,0.0,0.3084,1570
17031530503,27.788673574128737,30.6247,64.7597,16.333,4.853,0.0,8.167,2.042,41.2413,3.4708,0.6431,4898
17031530600,25.51034727322829,135.1839,13.1373,64.888,0.0,0.0,14.42,0.0,29.1997,2.8839,0.3993,2774
17031540101,32.22720811273116,77.012,17.5145,27.752,0.2355,1.3534,11.563,2.313,17.5763,2.0814,1.4778,4324
17031540102,16.563365434903897,127.6378,14.3476,37.44,0.0649,0.9696,34.037,6.807,27.2294,2.7229,2.0626,2938
17031550100,21.08546962382115,16.5266,12.2975,58.413,3.1522,0.3123,7.124,1.425,50.1496,9.403,3.2025,7019
17031550200,16.12873558503701,39.0704,153.8884,23.577,2.1501,0.9584,10.104,6.736,27.6187,8.4203,2.0868,2969
17031560100,16.98310975608857,95.4638,12.001,47.393,0.0,3.4758,40.623,6.77,60.2573,3.3852,0.2877,1477
17031560200,24.20814133144634,82.4561,49.14,23.392,0.0,0.0,11.696,5.848,44.4444,7.0175,0.2551,1710
17031560300,18.55519001983454,43.3446,52.715,15.37,0.0,3.9604,9.222,3.074,35.0446,7.6852,0.2525,3253
17031560400,12.453652441639944,86.5031,137.171,36.81,0.0,7.6511,36.81,6.135,61.3497,8.589,0.1307,1630
17031560700,13.524736970521731,0.0,10.536,33.012,0.0,3.9108,2.751,2.751,52.2696,6.8776,0.2557,3635
17031560800,15.891779157628848,0.0,12.1133,40.479,0.0,5.887,7.04,1.76,53.1503,6.6878,0.5096,5682
17031560900,19.473875363965004,17.0188,19.7233,15.649,1.0707,3.9231,5.869,1.956,67.8795,7.8247,0.5098,5112
17031561000,17.19669898860427,16.3904,47.0578,32.027,0.2144,3.9002,7.536,3.768,50.6782,7.5358,0.5128,5308
17031561100,16.240212420469074,0.0,48.4169,30.46,0.0,3.9162,7.167,3.584,10.2132,0.1792,0.5107,5581
17031570100,12.443623888225735,82.0669,7.8978,98.784,0.0,3.406,68.389,15.198,106.383,21.2766,0.5872,1316
17031570200,11.370271015336977,26.7176,11.5715,66.794,0.0,2.9351,38.168,4.771,178.4351,16.2214,0.6814,2096
17031570300,15.128639054345776,21.0163,55.2625,20.389,0.0,5.2784,14.115,1.568,65.5583,13.1744,0.3789,6376
17031570400,15.600336710586005,61.0514,53.2615,84.794,0.0,11.3507,50.876,11.306,79.706,14.1323,0.1762,1769
17031570500,14.605362368732049,50.7768,91.2874,41.682,0.0,6.1614,15.157,3.789,48.5032,5.684,0.1623,2639
17031580100,21.445097771874007,0.0,90.3006,49.566,1.7632,3.3829,24.783,6.196,67.5341,7.1252,0.2956,3228
17031580200,20.61588195604186,0.0,3.8039,66.359,3.4734,0.0,17.311,2.885,50.779,6.0589,0.282,3466
17031580300,18.460047141177668,0.0,0.0,34.924,5.2662,0.0,7.761,3.88,36.8646,2.3283,0.1822,2577
17031580400,19.63691957487737,23.7571,0.0235,48.394,1.6475,3.9386,17.598,4.399,61.8126,7.0392,0.5078,4546
17031580501,18.15155141177455,0.0,38.6405,23.211,4.4153,5.277,19.342,1.934,51.8375,9.4778,0.1895,5170
17031580502,19.717662529860227,5.6127,38.3169,18.709,2.4251,10.4657,20.58,3.742,80.0748,12.348,0.1911,5345
17031580600,18.44631353716517,0.0,38.5185,20.352,0.0,10.5208,18.501,5.55,46.2535,4.2553,0.1901,5405
17031580700,21.55690530352155,20.459,173.7488,12.453,1.33,4.7059,17.79,5.337,37.7157,4.2697,0.2125,5621
17031580800,20.135216606848584,55.8795,250.0009,24.295,0.0,14.1243,29.155,9.718,66.5695,8.2604,0.0708,2058
17031590500,25.304515937959703,0.0,322.1774,102.481,3.5695,8.6919,37.756,5.394,78.2093,14.0237,0.2301,1854
17031590600,21.102797705610648,0.0,335.1829,8.628,5.5877,14.8699,14.38,2.876,21.5703,2.3008,0.1345,3477
17031590700,13.527624024603384,0.0,6.5191,42.947,1.4776,5.8685,16.518,9.911,83.9115,5.9465,0.3408,3027
17031600400,19.1165013824071,19.7812,291.0173,30.254,6.6159,15.8353,11.636,4.654,41.4242,5.1199,0.1263,4297
17031600600,16.434101068785985,86.3454,221.6968,23.427,4.013,12.7551,13.387,6.693,51.2048,5.6894,0.1568,2988
17031600700,14.238817568995538,21.2273,71.9004,34.736,2.9806,5.4259,11.579,11.579,69.0853,8.105,0.1843,2591
17031600900,19.742913694057044,38.0228,101.2143,21.727,1.7462,13.9373,10.864,5.432,41.5535,7.0614,0.1435,3682
17031610300,20.57802187337172,41.7745,97.1366,25.878,1.0996,4.353,31.423,5.545,575.2311,16.0813,0.9189,5410
17031610400,15.519140612189991,54.7068,141.2919,19.714,0.0,31.8471,44.357,4.929,156.2346,17.7427,0.0628,2029
17031610800,20.25614714811821,211.6402,141.0276,13.228,3.5596,7.6805,26.455,19.841,20.5026,5.9524,0.1302,1512
17031611200,27.595793416548887,41.4179,100.9366,29.851,0.0,15.8353,37.313,7.463,103.7313,16.791,0.1263,2680
17031611300,21.829844637026955,30.2617,71.8129,21.81,0.0,15.8479,29.989,5.453,86.9684,14.1767,0.1262,3668
17031611400,22.06192058277863,60.4763,70.2127,16.056,1.9785,15.8604,29.435,5.352,35.0549,4.5491,0.1261,3737
17031611500,17.784133551897764,63.0053,139.0623,39.03,1.2706,10.1885,30.666,5.576,50.7388,3.3454,0.1963,3587
17031611600,27.736448781291816,59.8647,125.0399,57.262,4.1057,0.0,57.262,15.617,34.3571,3.6439,0.1291,1921
17031611700,28.97255612824704,0.0,79.6319,41.284,4.1834,7.8927,45.872,9.174,41.2844,9.1743,0.1267,2180
17031611800,25.475382952150945,45.805,69.9354,22.676,0.0,7.8989,45.351,9.07,39.9093,6.3492,0.1266,2205
17031611900,32.82141109512848,106.3508,234.0204,80.645,1.4944,3.9635,55.444,10.081,74.5968,13.6089,0.2523,1984
17031612000,35.87317102792258,144.337,480.0434,62.155,2.9948,7.9428,34.53,6.906,31.768,6.9061,0.1259,1448
17031612100,36.32591243581447,178.9384,56.2517,77.055,7.957,7.9365,42.808,17.123,43.6644,11.9863,0.126,1168
17031612200,27.25584895128244,53.5669,62.1841,50.774,4.7064,5.7687,25.387,7.616,42.6504,5.839,0.3467,3939
17031620100,14.916598574436264,23.6479,79.1387,13.138,0.0,3.059,28.465,10.948,37.6615,7.4447,0.3269,4567
17031620200,17.067121811114863,32.636,34.822,46.025,0.0,4.4683,29.289,8.368,239.749,20.0837,0.2238,2390
17031620300,16.96763314582307,0.0,45.5321,24.961,0.0,2.6089,10.92,3.12,32.9173,5.6162,0.3833,6410
17031620400,15.588186176068437,11.7366,69.0955,23.871,0.0,3.9494,19.893,7.957,21.8818,2.785,0.2532,5027
17031630300,17.811836934324766,31.0121,50.085,20.427,0.0,5.2576,22.284,7.428,63.8812,8.3565,0.3804,5385
17031630400,18.34768438187579,0.0,0.0,23.598,0.0,7.8709,19.434,5.552,44.0033,7.6346,0.2541,7204
17031630500,20.42412830618224,18.3384,102.8148,23.92,0.0,7.8802,12.757,4.784,36.1984,5.2623,0.2538,6271
17031630600,23.45173524216758,44.6154,106.2028,55.385,0.4866,4.717,58.462,9.231,65.2308,10.1538,0.424,3250
17031630800,16.471310612881066,8.8842,0.3389,22.587,0.0,19.7472,18.07,3.012,42.1623,7.9807,0.2532,6641
17031630900,18.23725508846885,11.3374,68.6347,21.138,0.0,11.7693,13.451,7.686,33.8201,5.3805,0.2549,5204
17031640100,15.237895628213185,0.0,48.3433,45.732,0.0,0.0,15.244,7.622,45.7317,10.6707,0.1165,1312
17031640300,13.914376501309844,0.0,68.9277,31.297,0.0,1.9543,7.452,2.981,42.0268,4.1729,0.5117,6710
17031640400,12.071394901945922,25.6637,66.9728,44.248,0.0,1.9414,14.749,5.9,61.0619,3.5398,0.5151,3390
17031640500,12.815788378960402,0.0,56.6376,43.634,0.0,3.9032,7.7,2.567,26.9507,4.3634,0.2562,3896
17031640600,12.257523863210256,0.0,67.6009,51.686,0.0,3.9231,7.384,2.461,46.7635,4.6763,0.2549,4063
17031640700,17.21777348250849,26.9861,18.9797,60.643,0.0,0.0,6.064,3.032,31.5343,5.1546,0.2536,3298
17031640800,11.89384039353688,49.4719,145.7849,50.028,0.0,0.0,11.117,5.559,47.2485,15.5642,0.1262,1799
17031650100,19.83770805938728,33.788,0.0,23.085,1.0485,11.5252,18.888,4.197,52.0462,7.9748,0.2603,4765
17031650200,15.74765746010148,0.0,45.6087,20.687,0.0,5.2301,9.654,1.379,65.5082,9.5159,0.3824,7251
17031650301,16.55948760754992,15.2685,90.1189,15.44,0.0,5.2549,8.578,1.716,60.9024,11.1511,0.3806,5829
17031650302,19.5510090443967,22.5564,115.103,17.691,1.9691,7.8003,11.057,4.423,40.2477,6.8554,0.2564,4522
17031650400,15.622309139052224,0.0,179.1303,18.857,0.8081,4.6904,8.703,4.352,24.369,3.7714,0.4264,6894
17031650500,10.113227301008592,20.2227,33.5788,52.261,0.0,2.4031,11.361,4.544,188.8207,24.5399,1.2484,4401
17031660301,18.65255605395096,165.9459,1.3556,32.432,15.852,78.9889,21.622,10.811,129.7297,29.1892,0.0633,1850
17031660302,18.84671168892934,55.3253,0.4519,19.823,4.9182,36.8615,9.011,3.604,58.2087,5.947,0.1899,5549
17031660400,21.1370130121104,28.2853,0.345,22.839,3.0899,12.0627,10.541,5.271,50.5973,7.7301,0.2487,5692
17031660500,23.704296300173144,20.3471,428.289,21.943,4.9731,7.8709,9.974,3.99,38.8989,8.9767,0.2541,5013
17031660600,20.118568002833207,48.7196,3.4625,20.3,6.7464,23.6128,15.615,4.685,72.4547,14.6783,0.2541,6404
17031660700,24.14375676004253,101.1561,2.6929,38.536,6.2612,21.5169,52.987,4.817,60.6936,6.262,0.1859,2076
17031660800,22.563674324686865,51.0304,435.9704,13.085,4.1594,19.7707,14.72,3.271,33.6932,7.1966,0.2529,6114
17031660900,24.69269004078612,43.8596,414.6383,58.48,1.6439,2.6267,24.741,6.748,59.6041,9.4467,0.7614,4446
17031661000,20.36617652716298,16.1571,69.8923,20.848,0.0,0.0,13.899,1.737,58.3739,11.1188,0.4318,5756
17031661100,18.89713854425441,14.0208,315.7082,16.584,0.208,0.0,10.553,1.508,24.2726,2.7137,0.4996,6633
17031670100,34.18490397853831,181.616,321.9243,66.716,5.9504,7.9239,37.064,22.239,36.3232,3.7064,0.1262,1349
17031670200,31.77140306936213,0.0,275.519,45.283,5.9539,7.9302,45.283,15.094,52.8302,4.5283,0.1261,1325
17031670300,33.6628129591732,55.1671,34.1354,54.39,5.9277,0.0,54.39,15.54,67.5991,17.871,0.126,1287
17031670400,30.44275618268641,0.0,143.0611,44.164,6.1193,0.0,31.546,12.618,37.224,8.2019,0.1261,1585
17031670500,23.31459345698997,117.5958,105.5297,121.951,6.3116,12.5628,95.819,26.132,70.5575,13.9373,0.2388,1148
17031670600,32.08410337368488,100.8215,171.6584,52.278,11.273,7.9177,59.746,14.937,45.5564,6.7214,0.1263,1339
17031670700,31.431647211157376,107.8275,34.1354,47.923,9.3958,7.9365,55.911,15.974,125.3994,23.1629,0.126,1252
17031670800,23.47108300589274,48.0704,124.3882,27.082,9.8336,7.9302,33.852,13.541,83.954,12.8639,0.1261,1477
17031670900,25.61006307735365,308.0205,167.9037,76.792,9.7615,23.8095,34.13,25.597,53.7543,6.8259,0.126,1172
17031671100,28.11052263839281,160.9658,604.6079,60.362,18.5474,10.5708,50.302,10.06,49.2958,6.0362,0.0946,994
17031671200,27.26734004972453,228.5714,2.5544,61.224,9.548,10.582,61.224,10.204,70.4082,11.2245,0.0945,980
17031671300,29.61572989922808,109.375,16.9179,39.062,9.0057,5.339,34.18,4.883,36.1328,7.8125,0.1873,2048
17031671400,35.83707876080269,86.6496,20.9341,64.185,9.1118,15.674,44.929,6.418,37.8691,4.4929,0.1914,1558
17031671500,27.82592186888967,58.9102,1.9301,58.91,3.3866,3.4953,25.773,7.364,70.324,13.2548,0.2861,2716
17031671600,27.367296073168635,88.6918,316.9345,49.889,10.509,6.3613,27.716,11.086,57.6497,10.5322,0.1572,1804
17031671800,23.79023131933668,147.986,53.6913,26.27,5.0198,23.9808,43.783,8.757,37.6532,2.627,0.1251,1142
17031671900,18.521426324106983,79.3226,50.5168,71.301,5.044,24.0964,44.563,8.913,56.1497,5.3476,0.1245,1122
17031672000,25.31841118687676,53.5767,9.8793,58.875,3.9181,2.6008,14.719,5.888,43.5679,2.6494,0.3845,3397
17031680500,37.89769132374629,243.3053,258.3028,61.209,5.9502,7.9239,45.907,22.953,32.8998,8.4162,0.1262,1307
17031680600,28.51016968765549,382.8326,108.6373,68.67,8.2171,39.6511,34.335,25.751,81.5451,17.1674,0.1261,1165
17031680900,21.587107532354896,242.9331,24.0447,41.982,3.3542,17.6278,30.786,2.799,48.4187,13.9938,0.3971,3573
17031681000,25.75834212806655,234.3568,234.7395,42.752,9.8165,27.7778,34.979,7.773,76.953,11.2709,0.252,2573
17031681100,26.15623762768849,93.9784,136.0999,59.172,9.0124,15.8793,31.326,10.442,46.6411,9.7459,0.2519,2873
17031681200,30.673004197473496,156.8211,72.2997,72.248,6.4035,13.0208,46.749,8.5,65.8734,19.9745,0.3072,2353
17031681300,30.699630921458525,10.9991,129.3149,68.744,5.8307,14.5826,41.247,4.583,35.2887,2.2915,0.2743,2182
17031681400,24.69294661954837,70.3314,46.2543,60.631,3.9984,32.0641,32.336,4.042,52.1423,12.5303,0.2495,2474
17031690300,18.49310234819364,101.2163,49.6902,91.225,8.0206,5.0531,34.752,4.344,41.7029,11.2945,0.1979,2302
17031690400,27.3053163610752,69.2834,16.6328,71.365,7.6449,7.9554,20.815,8.921,65.7151,10.4074,0.2514,3363
17031690500,20.876286403866388,0.0,29.5228,171.371,14.093,16.0256,90.726,20.161,130.0403,27.2177,0.1248,992
17031690900,27.1259424373974,0.0,16.3972,32.941,5.386,11.8577,16.471,7.059,75.2941,11.0588,0.253,4250
17031691000,27.665847656719457,8.9955,24.2919,67.466,3.5508,3.9904,22.489,7.496,108.3208,29.6102,0.2506,2668
17031691100,22.483901839046265,31.2081,122.673,70.47,5.4808,15.2555,20.134,6.711,52.349,9.0604,0.2622,2980
17031691200,19.443208321815305,25.9113,64.3618,105.402,5.5427,10.1755,35.134,8.783,100.5709,11.8577,0.3931,2277
17031691300,25.300128974252907,0.0,0.9745,71.609,1.9963,8.0064,21.061,8.425,96.8829,16.0067,0.2498,2374
17031691400,26.352787642991515,21.1082,37.0241,49.839,0.9852,15.7791,14.658,5.863,124.0106,17.8833,0.2535,3411
17031691500,27.702988987055345,96.3455,80.5245,60.908,6.1093,7.4683,33.223,16.611,106.866,15.5039,0.2678,1806
17031700100,15.347642686753137,53.5177,5.6685,84.185,0.212,0.0,33.073,6.013,113.3494,15.6344,0.8942,3326
17031700200,13.941240027520829,0.0,47.7142,32.042,0.1675,4.8348,9.155,3.052,32.4992,3.3567,0.6205,6554
17031700301,15.62280749214507,0.0,80.8929,15.62,0.0,6.0108,6.942,1.736,37.1399,4.8594,0.4991,5762
17031700302,14.286113194662615,0.0,26.125,21.194,0.0,0.0,7.065,3.532,22.2536,4.0622,0.5103,5662
17031700401,21.02671223697704,14.5998,31.6403,34.352,0.0,6.9893,17.176,3.435,65.0979,8.9316,0.5723,5822
17031700402,21.429561322752303,0.0,16.5764,36.747,0.0,2.2558,14.699,4.9,66.634,13.7188,0.4433,4082
17031700501,20.280716203792235,12.2975,54.2762,20.255,2.6807,1.5511,14.468,1.447,60.6192,8.9699,0.6447,6912
17031700502,24.855286353283148,24.1773,31.8023,47.011,4.8446,1.5002,20.148,6.716,17.7972,0.6716,0.6666,2978
17031710100,25.636198402032623,141.8719,97.5414,49.261,10.5277,60.0962,68.966,9.852,86.6995,14.7783,0.0832,1015
17031710200,24.27305336318088,59.9784,41.4037,28.047,4.3984,31.4027,15.102,2.157,26.9687,5.8252,0.2866,4635
17031710300,19.67722390527957,153.7921,63.8119,28.09,2.9928,55.3797,35.112,7.022,40.0281,6.3202,0.1264,1424
17031710400,23.26057687147585,14.7493,33.3599,27.655,3.4507,7.764,12.906,1.844,48.4882,7.1903,0.3864,5424
17031710500,18.6363128275673,33.2012,106.0005,44.599,7.1418,3.4483,14.866,4.955,65.9068,14.8662,0.29,4036
17031710600,20.62119617006553,128.3705,144.9542,23.447,0.0,63.4249,46.893,11.723,76.2016,16.4127,0.0946,1706
17031710700,18.18060310075313,85.0877,173.4708,35.088,0.0,36.9979,26.316,5.848,66.6667,12.2807,0.1892,3420
17031710800,19.7190984575636,69.5254,37.5108,37.469,3.5796,22.2152,20.816,4.163,42.6728,5.8285,0.3151,4804
17031710900,21.157307265566303,102.9866,64.3692,66.941,7.6424,12.9366,56.643,10.299,62.3069,7.2091,0.3865,1942
17031711000,24.554225046018725,76.1936,17.9935,42.511,5.7469,11.8718,32.701,6.54,45.7816,7.1942,0.2527,3058
17031711100,19.869563009603688,76.0304,103.4233,40.016,0.0,11.8812,44.018,8.003,65.6263,8.4034,0.2525,2499
17031711200,19.99473992813245,40.5377,121.4445,36.271,8.386,2.3574,12.801,6.401,40.751,6.4007,0.4242,4687
17031711300,22.632388071972763,93.0233,38.0406,41.04,9.2936,7.4019,13.68,13.68,81.3953,22.5718,0.1351,1462
17031711400,21.62470667696596,80.2005,3.3771,62.657,4.5989,3.4965,33.417,12.531,107.7694,17.1261,0.286,2394
17031711500,25.7855269966916,23.6088,41.2892,37.943,4.7323,4.0032,25.295,8.432,18.9713,1.2648,0.2498,2372
17031720100,48.79404498743454,21.5311,15.6814,56.818,3.4421,2.6344,14.952,5.981,107.3565,12.5598,0.7592,3344
17031720200,42.81718675069259,0.0,31.0527,33.89,3.8872,3.095,19.366,7.262,79.8838,9.4408,0.6462,4131
17031720300,35.03827467478871,0.0,57.1905,24.746,0.0,2.0496,8.249,2.75,79.4611,10.7231,0.4879,3637
17031720400,28.639934258795773,0.0,53.0657,20.398,0.0,0.0,5.099,5.099,80.5711,7.1392,0.2555,1961
17031720500,32.16059168332822,0.0,59.1141,47.939,0.0,2.482,14.382,9.588,84.372,6.7114,0.4029,2086
17031720600,39.42079493570714,0.0,96.7177,23.655,0.0,4.4524,11.827,5.914,60.9107,4.7309,0.2246,1691
17031720700,46.40715162865565,0.0,27.8984,39.05,3.968,2.4661,13.017,3.254,64.4322,2.6033,0.4055,3073
17031730100,22.63490745082465,0.0,69.2576,28.432,0.9126,7.8895,24.37,8.123,40.6174,6.905,0.2535,2462
17031730201,22.389774972818845,24.1692,45.6006,17.771,4.2165,5.207,14.217,5.331,50.4709,6.22,0.3841,5627
17031730202,18.42694468750134,22.1224,59.742,31.11,3.8406,8.8183,38.023,10.37,35.9488,3.4566,0.3402,2893
17031730300,17.61180234578082,130.0191,61.9152,47.801,10.5558,17.4368,47.801,19.12,118.5468,21.9885,0.1147,1046
17031730400,25.0964379786663,24.2174,25.1714,91.553,4.2277,6.0484,23.627,8.86,49.6161,7.974,0.496,3386
17031730500,25.184254999638263,19.4313,74.3603,40.284,1.9809,5.9032,21.327,2.37,35.0711,2.8436,0.5082,4220
17031730600,23.411270403383224,25.1998,20.1064,73.755,7.5927,5.1533,30.731,6.146,61.1555,13.8291,0.3881,3254
17031730700,24.78331627476117,35.9491,89.7887,65.761,6.7558,2.6205,30.688,8.768,67.9527,12.7137,0.3816,2281
17031740100,22.03120421247253,0.0,6.3965,61.843,0.0,2.9334,9.276,3.092,61.8429,9.8949,0.3409,3234
17031740200,21.51917798077412,0.0,2.8616,39.451,0.0,1.3123,3.431,1.715,22.813,6.175,0.762,5830
17031740300,22.73998602038356,0.0,75.3099,32.861,0.0,1.9616,8.215,2.054,35.7363,4.9291,0.5098,4869
17031740400,17.308216459454425,0.0,47.9834,48.988,2.2116,0.9135,8.52,2.13,31.9489,2.5559,1.0947,4695
17031750100,25.49079448139556,0.0,64.9971,56.21,2.1437,0.0,29.443,5.353,54.6039,11.5096,0.4979,3736
17031750200,43.12950079765976,0.0,25.77,36.376,0.0,1.9704,23.148,3.307,54.8942,3.3069,0.5075,3024
17031750300,32.47487946168776,0.0,47.4821,16.194,0.0,3.9139,12.146,8.097,67.6113,9.7166,0.2555,2470
17031750400,26.694511619387463,0.0,79.8086,10.313,0.0,2.592,6.875,6.875,66.0021,9.2815,0.3858,2909
17031750500,26.078977032077965,0.0,41.8169,56.96,0.2456,1.9673,14.24,3.56,57.1378,8.722,1.0166,5618
17031750600,25.800007856470604,20.4678,64.1728,55.556,2.6922,3.951,29.24,5.848,78.0702,13.1579,0.5062,3420
17031760801,24.013408774919096,0.0,3.5558,27.254,4.7655,0.0,2.271,0.0,148.7622,10.4474,0.5,4403
17031760802,62.77688424747849,0.0,0.0,37.911,3.6105,0.0,8.425,0.0,51.3901,15.5855,2.3997,2374
17031760803,38.43898342476121,0.0,5.8331,14.076,5.0174,0.0,1.564,0.0,15.1705,1.2512,0.3048,6394
17031770901,16.58919516933611,0.0,6.4312,0.0,0.0,4.1754,1.907,1.907,1.3346,0.0,0.479,5245
17031770902,16.448649487651366,0.0,0.947,0.0,1.2425,0.0,2.68,2.68,1.0718,0.0,0.4372,3732
17031823304,27.69548819404904,0.0,20.1933,1.703,1.3186,0.7277,6.812,3.406,0.0,0.0,1.3741,5872
17031830500,16.736581818422618,6.576,21.196,68.027,1.4089,0.63,27.211,6.803,83.9002,4.9887,1.5874,4410
17031830600,29.604352519109224,224.5187,119.167,22.29,4.9637,7.8339,14.184,6.079,101.5198,13.1712,0.2553,4935
17031830700,30.000393732340648,363.9541,24.6255,57.414,4.7276,41.5924,27.459,7.489,184.7229,32.2017,0.3366,4006
17031830800,24.81735789833596,25.3638,3.817,33.264,0.0,30.7929,16.632,8.316,186.2786,39.501,0.1299,2405
17031830900,15.424803553466688,137.1912,18.8626,68.27,12.5966,0.0,26.008,13.004,170.3511,22.4317,0.3952,3076
17031831000,30.80454703818944,73.3004,151.9289,34.182,28.9883,27.7264,22.788,7.596,124.9525,9.8747,0.1082,2633
17031831100,19.4803586544034,11.3484,15.2496,44.796,6.2054,3.9355,23.891,2.986,98.7009,10.9004,0.5082,6697
17031831200,20.62090131501445,113.2036,60.281,22.765,1.0455,13.624,20.695,4.139,75.5381,10.7616,0.2202,4832
17031831300,15.097441710142428,63.1495,42.9935,135.891,0.0,9.005,55.955,15.987,175.06,15.9872,0.2221,1251
17031831400,13.849628836190163,122.3404,105.3676,141.844,0.0,2.4609,24.823,3.546,227.6596,19.8582,0.8127,2820
17031831500,13.284290108800882,40.0362,102.9025,54.286,0.7141,2.6976,15.834,6.786,71.9294,11.3097,0.3707,4421
17031831600,21.192817681141165,12.6533,22.9619,27.114,0.0,1.7343,7.747,3.873,64.5578,9.9419,0.5766,7745
17031831700,18.29991268545145,52.3022,54.1117,84.935,5.2292,4.8544,4.47,13.411,94.7698,8.9405,0.206,2237
17031831800,27.772304198840008,74.3013,175.2037,57.941,4.1762,4.0645,22.154,5.112,77.88,20.2795,0.7381,5868
17031831900,30.859729237207333,57.5658,16.0178,23.026,0.0,16.0,19.737,9.868,116.1184,11.8421,0.125,3040
17031832000,23.778159720843107,135.7905,16.4249,43.647,7.3343,46.6563,24.248,14.549,141.6101,31.5228,0.0643,2062
17031832100,26.985025213160803,102.0528,77.4692,38.123,2.7061,34.965,14.663,5.865,87.39,19.6481,0.0858,3410
17031832200,25.38582951797443,99.4223,67.0869,24.324,20.584,12.9786,15.202,3.04,114.3205,14.8981,0.1541,3289
17031832300,15.76688566618769,98.3447,30.2794,97.371,13.9875,12.1803,34.08,9.737,248.296,25.8033,0.3284,2054
17031832400,23.3100241682835,98.8614,57.5286,19.439,19.5443,56.1347,19.439,8.331,69.7029,8.331,0.1247,3601
17031832500,21.86906578400697,0.2999,36.1794,23.995,12.7272,10.1146,14.997,5.999,233.6533,35.6929,0.2966,3334
17031832600,26.18413412952897,75.9585,54.9546,38.582,8.3649,10.6762,24.114,7.234,182.5416,18.5676,0.281,4147
17031832900,28.308425752510207,345.3634,129.2547,45.113,16.3725,19.2184,25.063,20.05,29.0727,3.5088,0.1561,1995
17031833000,17.243204251511358,176.1575,51.582,26.61,10.7466,15.7822,15.966,7.096,636.8636,50.7362,0.5069,5637
17031833100,21.355909970616832,103.866,68.8028,28.442,17.1135,11.2486,6.32,3.16,137.5751,12.1142,0.3556,9493
17031833300,27.046762887601595,258.5852,111.0977,44.643,15.7145,16.4384,30.907,10.302,71.0852,20.6044,0.1825,2912
17031833900,21.023008135797426,60.4372,130.2213,42.863,8.867,21.8659,25.718,4.286,97.2996,20.5744,0.2744,2333
17031834000,25.7868076845877,15.5168,94.5281,33.25,1.1765,8.0214,16.625,2.771,32.419,7.4813,0.374,3609
17031834200,22.065945196302785,21.7345,40.2739,68.187,5.484,10.6242,21.308,6.392,70.5306,11.0803,0.3765,4693
17031834300,26.807986284906583,42.3077,54.2727,49.679,2.4373,8.2237,12.821,4.808,69.2308,11.2179,0.7296,6240
17031834400,22.527550764596064,219.9203,18.8457,31.873,4.2445,13.2567,18.592,5.312,25.2324,1.328,0.2263,3765
17031834500,20.99812769480309,480.4533,310.7944,96.317,0.0,11.2233,45.326,16.997,61.7564,6.2323,0.1782,1765
17031834600,21.631357417918306,690.2843,21.9028,152.737,0.81,9.9092,50.912,12.728,56.8519,5.0912,0.6055,2357
17031834700,30.85802801173333,308.1296,16.0865,108.016,5.8144,11.7971,45.48,11.37,71.0631,11.3701,0.2543,1759
17031834800,23.911128922474056,349.6863,3.4082,68.454,4.1434,25.729,51.341,17.114,61.0382,11.9795,0.2332,1753
17031834900,31.89000390518532,174.6926,230.0046,71.721,8.4427,11.8953,40.984,15.369,36.8852,4.6107,0.2522,1952
17031835000,15.4220731207003,32.8228,46.0489,31.26,3.4767,15.4719,18.756,4.689,62.6758,9.5342,0.3878,6398
17031835100,19.853804530094703,26.1415,89.7534,37.601,0.318,10.2828,23.277,5.372,65.3536,9.4897,0.389,5585
17031835200,11.196956281481416,69.1855,45.5251,107.949,0.0,2.6157,9.814,4.907,111.3837,14.7203,0.3823,2038
17031835500,16.584516576788396,1058.7121,95.5761,138.889,1.532,25.4309,63.131,31.566,72.601,10.7323,0.3539,1584
17031835600,13.521686843275138,1527.8396,61.5149,244.989,0.0,5.637,122.494,33.408,206.0134,44.5434,0.3548,898
17031835800,19.8385545677812,1345.1119,35.7543,47.114,20.0026,27.3224,47.114,11.779,63.0153,10.0118,0.1098,1698
17031836000,19.491575162116952,1421.728,68.1141,51.326,11.7865,35.824,34.217,12.831,47.0488,2.1386,0.1954,2338
17031836100,23.160323044231724,734.2842,462.0641,132.066,5.3709,9.0307,52.826,15.848,69.2023,15.8479,0.3322,1893
17031836200,26.28039887326678,276.4004,626.608,87.236,3.3433,9.5663,27.548,9.183,87.6951,33.0579,0.3136,2178
17031836300,29.80567840022938,569.0349,1030.4139,40.214,5.2089,18.8324,40.214,13.405,33.5121,1.3405,0.0531,1492
17031836400,19.812381056508773,481.9111,482.4946,38.663,12.3624,13.089,22.093,5.523,32.8638,0.2762,0.3056,3621
17031836500,21.816144512186007,1086.444,818.8291,26.195,15.6071,33.7268,26.195,13.098,23.5756,0.0,0.1779,1527
17031836600,17.16269811073973,315.466,302.8082,88.767,5.6665,24.5298,40.97,6.828,94.5715,17.7535,0.2446,2929
17031836700,18.59205737450804,464.732,32.5538,120.919,3.8547,12.6529,68.521,12.092,99.9597,12.898,0.4742,2481
17031836800,27.038044586662085,573.535,463.5426,45.369,15.5808,19.0537,64.272,7.561,59.3573,8.6957,0.3149,2645
17031836900,19.41553711964592,605.9764,627.6107,41.696,43.1465,47.1698,90.341,13.899,38.9159,4.1696,0.0636,1439
17031837000,23.86278114260068,623.8981,51.1611,78.355,18.8729,12.5471,73.457,14.691,75.4163,10.284,0.1594,2042
17031837100,19.835015031677017,873.4867,6.2981,72.639,15.1345,20.4778,90.799,12.107,250.0,18.1598,0.293,1652
17031837300,22.747334668193577,492.1655,129.8926,36.159,9.6184,21.0674,56.247,8.035,40.1768,8.0354,0.1424,2489
17031837400,16.189618656088197,611.0553,50.8214,95.477,13.6933,8.7566,80.402,15.075,68.8442,8.0402,0.2284,1990
17031837800,18.84234832777899,409.2351,27.1506,52.873,9.6896,18.3007,45.823,10.575,360.2397,29.2563,0.3825,2837
17031838000,22.711967282268088,326.292,57.4548,67.899,11.8866,33.6862,41.494,7.544,41.871,3.0177,0.2078,2651
17031838100,16.749905748853806,516.1999,71.0654,175.728,12.6146,22.1309,65.898,21.966,190.5546,25.2608,0.3163,1821
17031838200,21.92241987336347,475.2239,13.845,316.418,4.4337,6.7204,95.522,23.881,136.1194,47.7612,0.4464,1675
17031838300,18.22217364007127,514.3411,158.1193,34.884,18.4296,7.4405,27.132,7.752,65.5039,14.3411,0.1344,2580
17031838600,27.067155095816524,476.9433,525.5563,52.701,9.9441,31.5789,72.464,6.588,64.5586,19.7628,0.095,1518
17031838700,22.49928836986168,196.031,40.2478,36.302,7.5535,7.874,38.722,7.26,57.1152,14.7628,0.254,4132
17031838800,12.940167933660202,67.6983,77.1539,67.698,2.2108,0.5979,29.014,9.671,70.2772,9.3488,8.3631,3102
17031839000,19.52261028094984,57.978,148.3912,13.416,17.0572,30.03,0.958,1.917,65.932,5.1749,0.1998,10435
17031839100,13.380332911524212,13.845,49.9445,77.726,14.9091,21.925,3.643,3.643,1274.1074,150.5951,0.4561,8234
17031839200,23.83350832723585,96.0349,137.7672,69.116,12.8292,11.9474,29.101,10.913,63.6595,0.3638,0.2511,2749
17031839500,26.060606320558243,490.566,220.4599,50.314,32.9125,79.2864,69.182,12.579,98.1132,24.5283,0.1009,1590
17031839600,21.4985199715936,1336.0324,17.1991,75.188,26.1224,63.3413,63.621,11.567,90.2256,13.8809,0.1263,1729
17031839700,20.91381293595855,12.1012,28.5135,22.002,0.1145,8.0128,8.801,8.801,85.8086,11.0011,0.2496,4545
17031839800,21.278379419992262,31.6456,98.6308,29.784,2.9759,10.1215,22.338,11.169,71.8541,13.4028,0.0988,2686
17031839900,15.834199837568583,0.0,12.2174,58.677,0.7909,6.6667,6.77,9.027,127.5107,8.1246,0.45,4431
17031840000,13.218119277968366,120.9597,54.8612,29.99,1.6732,13.2861,23.326,13.329,50.3166,6.9977,0.2258,3001
17031840100,19.85460293843429,76.5929,5.4896,29.713,1.2569,31.1526,16.507,9.904,32.3539,1.6507,0.1284,3029
17031840200,14.225328169966431,186.6239,118.0512,60.072,4.0193,11.9796,32.038,12.014,165.799,12.0144,0.3339,2497
17031840300,19.97163865997611,0.0,134.8578,50.048,2.7178,9.3897,16.683,2.383,50.7626,8.3413,0.3195,4196
17031840400,20.53039503381348,16.3253,19.4939,74.206,0.0,5.1626,20.778,5.936,113.3868,16.6221,0.3874,3369
17031840700,22.30652171043378,1.7949,267.291,28.205,11.5142,28.7219,41.026,5.128,111.7949,20.0,0.2089,3900
17031840800,22.17079941041129,11.7047,174.2682,24.01,17.4287,7.8802,33.013,6.002,53.4214,7.2029,0.1269,3332
17031841000,16.30498996958412,1031.6901,229.5663,228.873,8.8692,12.7324,79.225,17.606,343.3099,40.493,0.3927,1136
17031841100,17.083636902379183,181.8923,67.1137,43.502,8.7618,13.4318,16.313,2.719,174.4154,48.124,0.4467,7356
17031841200,19.09814260498984,54.5865,40.3468,32.834,5.1397,20.6782,24.625,4.104,80.0328,11.6971,0.2418,4873
17031841300,21.725170838957165,11.9818,8.9217,47.927,4.9757,9.1441,35.945,7.189,132.7582,15.5763,0.5468,4173
17031841500,25.04134795750269,214.5317,473.1589,55.096,13.5828,12.0773,48.209,6.887,30.6474,6.8871,0.1656,2904
17031841700,24.46037682951696,7.9523,528.4468,46.388,13.3432,29.0698,99.404,19.881,141.1531,14.5792,0.1032,1509
17031841800,29.4815746611081,193.8436,23.3824,162.23,6.4887,4.7642,45.757,16.639,52.4126,5.4077,0.6297,2404
17031841900,15.888316182190728,254.0,28.9424,72.308,8.0113,12.1114,23.077,7.692,129.0769,21.0769,0.9908,6500
17031842000,27.50474046307121,280.3089,124.5122,84.942,15.3931,30.7018,46.332,11.583,63.7066,9.2664,0.228,2590
17031842100,17.847543967048793,54.1353,12.4496,39.098,1.4842,8.8979,21.053,4.511,149.0226,10.8271,0.7867,6650
17031842200,15.614479831140748,260.6838,39.6099,56.98,4.3643,6.7363,26.116,4.748,338.7939,33.2384,0.5938,4212
17031842300,13.856497021963143,288.467,35.4452,96.345,9.638,12.3355,31.17,14.168,277.4157,17.5687,0.7296,3529
17031842400,16.902731863900673,37.8165,35.522,131.536,3.4052,6.5454,42.749,6.577,140.7432,28.2802,0.7639,3041
17031842500,15.709043195501716,282.5265,14.2898,94.554,4.2995,12.1036,49.168,7.564,28.3661,2.2693,0.4131,2644
17031842600,16.22962877821572,68.7868,12.6526,129.564,1.333,2.8177,37.691,16.49,165.1355,16.49,1.4196,4245
17031842800,14.351547639883098,29.1999,32.7303,39.282,0.1498,5.1125,20.951,5.238,72.9344,8.1184,0.5868,7637
17031842900,19.073273060097407,496.7742,41.8675,137.097,1.4468,10.6207,84.677,12.097,172.9839,18.5484,0.8474,2480
17031843000,15.042915872451156,387.8472,53.9603,86.806,5.6243,4.8626,62.5,6.944,111.8056,18.75,0.4113,2880
17031843100,28.9211892474037,346.308,415.2538,143.102,6.5641,10.2223,108.758,11.448,80.1374,6.2965,0.3913,1747
17031843200,14.84077239371398,571.0157,34.2928,189.926,4.6722,13.4307,86.705,12.386,620.5615,30.9661,1.1913,2422
17031843300,20.380836618981355,343.5115,450.4912,89.059,1.8912,8.707,82.697,12.723,64.2494,4.4529,0.2297,1572
17031843400,15.452015632890513,192.2572,0.0,72.178,1.2516,15.8856,52.493,13.123,206.0367,17.0604,0.2518,1524
17031843500,17.738899375224744,4.8093,33.4744,44.776,6.0492,7.6589,28.192,4.975,174.1294,5.4726,0.7834,6030
17031843600,21.26354318364015,345.0955,468.6831,38.848,6.9971,25.2207,35.61,6.475,61.5086,10.6831,0.1586,3089
17031843700,19.010313055944213,99.4497,176.3378,86.478,12.0313,6.2305,39.308,7.862,191.8239,20.4403,0.4815,2544
17031843800,22.56628369594572,154.5,37.8496,95.0,2.977,0.0,45.0,20.0,75.0,14.5,0.5056,2000
17031843900,25.74053862116416,195.0355,671.7064,95.472,8.0028,1.6247,21.822,8.183,39.2799,4.0917,0.6155,3666
17031844600,15.7813822552079,1025.3378,123.1611,50.676,9.847,23.8237,33.784,16.892,60.8108,10.1351,0.1679,1776
17031844700,25.049686775266185,112.2972,159.7604,64.048,5.3934,19.305,59.778,12.81,32.0239,3.4159,0.1554,2342
